basisOfRecord,countryCode,decimalLatitude,decimalLongitude,eventDate,eventID,occurrenceID,scientificName,id
HumanObservation,US,36.94841003,-122.06457,2016-10-17/2016-10-17,TPT_2016-10-17_2016-10-17_silvetia,TPT_2016-10-17_2016-10-17_silvetia_20,Mytilus californianus,5de3e9c7-5da2-41e4-b48e-06ea4a01757b
HumanObservation,US,36.94841003,-122.06457,2018-10-10/2018-10-10,TPT_2018-10-10_2018-10-10_balanus,TPT_2018-10-10_2018-10-10_balanus_20,Mytilus californianus,dd73a6b8-7cba-4603-b795-cf80d2d0f0e0
HumanObservation,US,38.31819916,-123.07365,2023-06-19/2023-06-19,BML_2023-06-19_2023-06-19_pelvetiopsis,BML_2023-06-19_2023-06-19_pelvetiopsis_20,Mytilus californianus,ba2176df-4650-4fec-b807-707b4444d6db
HumanObservation,US,36.9801712,-122.15503,2016-10-15/2016-10-15,SAD_2016-10-15_2016-10-15_pelvetiopsis,SAD_2016-10-15_2016-10-15_pelvetiopsis_20,Mytilus californianus,d82cf84d-8ab8-4a09-85f7-4d44c8027917
HumanObservation,US,36.94841003,-122.06457,2016-10-17/2016-10-17,TPT_2016-10-17_2016-10-17_mytilus,TPT_2016-10-17_2016-10-17_mytilus_20,Mytilus californianus,3a769760-79e2-48b7-92a7-25c990deb78d
HumanObservation,US,36.94841003,-122.06457,2022-10-10/2022-10-10,TPT_2022-10-10_2022-10-10_mastocarpus,TPT_2022-10-10_2022-10-10_mastocarpus_20,Mytilus californianus,0d3e32a4-8386-4de9-92a3-a1b6a59745e4
HumanObservation,US,36.9801712,-122.15503,2023-10-29/2023-10-29,SAD_2023-10-29_2023-10-29_pelvetiopsis,SAD_2023-10-29_2023-10-29_pelvetiopsis_20,Mytilus californianus,4758b409-28e7-4b00-a12f-42ecf36716ac
HumanObservation,US,38.31819916,-123.07365,2020-06-24/2020-06-24,BML_2020-06-24_2020-06-24,BML_2020-06-24_2020-06-24_160,Mytilus californianus,780b52d1-48ed-4f92-8b77-de8100cc57cb
HumanObservation,US,36.9801712,-122.15503,2023-10-29/2023-10-29,SAD_2023-10-29_2023-10-29_mytilus,SAD_2023-10-29_2023-10-29_mytilus_20,Mytilus californianus,12ab76c1-fee8-44e6-9f50-626b1cfa343a
HumanObservation,US,38.31819916,-123.07365,2021-05-14/2021-05-14,BML_2021-05-14_2021-05-14_mytilus,BML_2021-05-14_2021-05-14_mytilus_20,Mytilus californianus,9afa0aee-c518-4885-99b9-a5296e80a36e
HumanObservation,US,36.94841003,-122.06457,2023-11-14/2023-11-14,TPT_2023-11-14_2023-11-14_balanus,TPT_2023-11-14_2023-11-14_balanus_20,Mytilus californianus,6626b5e5-ec01-48e4-aeb1-b3d1dd3d4926
HumanObservation,US,36.94841003,-122.06457,2020-12-12/2020-12-12,TPT_2020-12-12_2020-12-12_mytilus,TPT_2020-12-12_2020-12-12_mytilus_20,Mytilus californianus,07ccf855-03d5-47db-bb16-12bb90667571
HumanObservation,US,37.04425049,-122.23493,2023-11-15/2023-11-15,SCT_2023-11-15_2023-11-15_endocladia,SCT_2023-11-15_2023-11-15_endocladia_20,Mytilus californianus,661fb473-0a53-4496-a1a2-749b6710e005
HumanObservation,US,37.04425049,-122.23493,2018-10-09/2018-10-09,SCT_2018-10-09_2018-10-09_mytilus,SCT_2018-10-09_2018-10-09_mytilus_20,Mytilus californianus,718b055a-26f1-4d6f-9056-b6982222e1d2
HumanObservation,US,38.31819916,-123.07365,2015-06-15/2015-06-15,BML_2015-06-15_2015-06-15_endocladia,BML_2015-06-15_2015-06-15_endocladia_20,Mytilus californianus,34419027-9285-4d5d-ab6a-c33c71cc47ff
HumanObservation,US,36.9801712,-122.15503,2023-10-29/2023-10-29,SAD_2023-10-29_2023-10-29_balanus,SAD_2023-10-29_2023-10-29_balanus_20,Mytilus californianus,97cf2631-42fc-436d-84be-7e09c8eaa5b8
HumanObservation,US,36.94841003,-122.06457,2018-10-10/2018-10-10,TPT_2018-10-10_2018-10-10_mytilus,TPT_2018-10-10_2018-10-10_mytilus_20,Mytilus californianus,9cd7c69c-2104-4d44-b1cb-6e4bb60f47ac
HumanObservation,US,38.73049927,-123.48864,2018-06-14/2018-06-14,SEA_2018-06-14_2018-06-14_pelvetiopsis,SEA_2018-06-14_2018-06-14_pelvetiopsis_20,Mytilus californianus,dc3cf21f-3177-4e1c-8013-99d21fc42d40
HumanObservation,US,36.9801712,-122.15503,2015-11-10/2015-11-10,SAD_2015-11-10_2015-11-10_phyllospadix,SAD_2015-11-10_2015-11-10_phyllospadix_9,Mytilus californianus,2e3512ad-832b-44f3-a43d-d66b313440b4
HumanObservation,US,38.73049927,-123.48864,2023-06-04/2023-06-04,SEA_2023-06-04_2023-06-04_endocladia,SEA_2023-06-04_2023-06-04_endocladia_20,Mytilus californianus,ec3dd583-6711-4650-8828-f572d1ca1ded
HumanObservation,US,38.73049927,-123.48864,2017-06-23/2017-06-23,SEA_2017-06-23_2017-06-23_mytilus,SEA_2017-06-23_2017-06-23_mytilus_20,Mytilus californianus,b3efef04-adda-425e-88eb-5c9b3fcc0ee4
HumanObservation,US,38.31819916,-123.07365,2016-06-04/2016-06-04,BML_2016-06-04_2016-06-04_endocladia,BML_2016-06-04_2016-06-04_endocladia_20,Mytilus californianus,8550ea37-5c2d-46c0-be67-a2c527c252a7
HumanObservation,US,37.04425049,-122.23493,2016-10-16/2016-10-16,SCT_2016-10-16_2016-10-16_silvetia,SCT_2016-10-16_2016-10-16_silvetia_20,Mytilus californianus,2af9dda8-99ed-4a76-b9a0-bd5d6e7f1402
Preserved Specimen,US,37.6077,-122.4996,2017-04-11,NA,6b3fdd9f-a770-11e7-949a-44a84237b90c,Mytilus californianus,759fc803-38bb-411e-825b-595a0e5b19ff
HumanObservation,US,37.04425049,-122.23493,2017-10-21/2017-10-21,SCT_2017-10-21_2017-10-21_mytilus,SCT_2017-10-21_2017-10-21_mytilus_20,Mytilus californianus,db1f52b6-0fde-4107-887d-b941ed7d51c4
HumanObservation,US,38.73049927,-123.48864,2018-06-14/2018-06-14,SEA_2018-06-14_2018-06-14_mytilus,SEA_2018-06-14_2018-06-14_mytilus_20,Mytilus californianus,6257cce8-3adf-4045-aac2-71d6fe4f2dc3
HumanObservation,US,38.31819916,-123.07365,2021-05-14/2021-05-14,BML_2021-05-14_2021-05-14_endocladia,BML_2021-05-14_2021-05-14_endocladia_20,Mytilus californianus,ec0ea0aa-7bf3-4bf7-a336-0def1a7b3f0a
HumanObservation,US,36.94841003,-122.06457,2018-10-10/2018-10-10,TPT_2018-10-10_2018-10-10_silvetia,TPT_2018-10-10_2018-10-10_silvetia_20,Mytilus californianus,3897632e-c20a-4b95-9dd9-94865f17f43d
HumanObservation,US,36.94841003,-122.06457,2017-10-20/2017-10-20,TPT_2017-10-20_2017-10-20_mytilus,TPT_2017-10-20_2017-10-20_mytilus_20,Mytilus californianus,9d8da743-eb53-4046-89e3-0b38fc8f8789
HumanObservation,US,36.94841003,-122.06457,2023-11-14/2023-11-14,TPT_2023-11-14_2023-11-14_silvetia,TPT_2023-11-14_2023-11-14_silvetia_20,Mytilus californianus,d03d470e-763d-4b53-977f-e31a6246f496
HumanObservation,US,36.94841003,-122.06457,2019-10-15/2019-10-15,TPT_2019-10-15_2019-10-15_balanus,TPT_2019-10-15_2019-10-15_balanus_20,Mytilus californianus,d4d689c9-1a0f-4362-80cb-c4c0db92a443
HumanObservation,US,38.31819916,-123.07365,2021-05-14/2021-05-14,BML_2021-05-14_2021-05-14_pelvetiopsis,BML_2021-05-14_2021-05-14_pelvetiopsis_20,Mytilus californianus,116b8dc0-4028-4a11-abb8-b1e7ea9c61d0
HumanObservation,US,38.56613922,-123.32919,2021-06-26/2021-06-26,GER_2021-06-26_2021-06-26,GER_2021-06-26_2021-06-26_160,Mytilus californianus,3b30382d-f90b-40f8-8288-26f10976db15
HumanObservation,US,38.73049927,-123.48864,2018-06-15/2018-06-15,SEA_2018-06-15_2018-06-15_endocladia,SEA_2018-06-15_2018-06-15_endocladia_20,Mytilus californianus,af396cb0-f0df-441a-96d2-fb7e589e3174
HumanObservation,US,37.5216713,-122.51667,2020-02-07/2020-02-07,FTZ_2020-02-07_2020-02-07,FTZ_2020-02-07_2020-02-07_160,Mytilus californianus,7bf165e2-6008-40ba-bec1-66bb5fdb7a40
HumanObservation,US,38.74050903,-123.51086,2020-07-07/2020-07-07,DEL_2020-07-07_2020-07-07,DEL_2020-07-07_2020-07-07_160,Mytilus californianus,db7175ad-2513-4025-ac39-3d13066a76d5
HumanObservation,US,38.31819916,-123.07365,2021-05-14/2021-05-14,BML_2021-05-14_2021-05-14_chthamalus_balanus,BML_2021-05-14_2021-05-14_chthamalus_balanus_20,Mytilus californianus,d669c71d-edd2-46e7-9f7c-f5926ce74464
HumanObservation,US,37.04425049,-122.23493,2023-11-15/2023-11-15,SCT_2023-11-15_2023-11-15_fucus,SCT_2023-11-15_2023-11-15_fucus_20,Mytilus californianus,37034194-d140-4a9d-8cdf-f418af5cf73f
HumanObservation,US,36.94841003,-122.06457,2018-10-10/2018-10-10,TPT_2018-10-10_2018-10-10_mastocarpus,TPT_2018-10-10_2018-10-10_mastocarpus_20,Mytilus californianus,2082044a-1cfd-4a7d-8bd0-46fa28a38e5f
HumanObservation,US,38.31819916,-123.07365,2020-06-25/2020-06-25,BML_2020-06-25_2020-06-25_mytilus,BML_2020-06-25_2020-06-25_mytilus_20,Mytilus californianus,a634dd5b-850e-4f6b-94b2-5f1d03fb31b0
HumanObservation,US,36.94841003,-122.06457,2015-11-11/2015-11-11,TPT_2015-11-11_2015-11-11_mytilus,TPT_2015-11-11_2015-11-11_mytilus_20,Mytilus californianus,b127be3c-b7a8-4372-9dc1-24f41711a343
HumanObservation,US,37.04425049,-122.23493,2019-10-29/2019-10-29,SCT_2019-10-29_2019-10-29_endocladia,SCT_2019-10-29_2019-10-29_endocladia_20,Mytilus californianus,36103a06-c814-42db-b796-a8822be7e58c
HumanObservation,US,38.31819916,-123.07365,2022-06-15/2022-06-15,BML_2022-06-15_2022-06-15_endocladia,BML_2022-06-15_2022-06-15_endocladia_20,Mytilus californianus,f76c811f-2650-4486-b498-052273e4d032
HumanObservation,US,36.9801712,-122.15503,2018-10-11/2018-10-11,SAD_2018-10-11_2018-10-11_mytilus,SAD_2018-10-11_2018-10-11_mytilus_20,Mytilus californianus,c04c1092-ed8c-4401-b5b9-cd71d45726de
HumanObservation,US,38.31819916,-123.07365,2027-06-19/2023-06-19,BML_2023-06-19_2023-06-19_endocladia,BML_2023-06-19_2023-06-19_endocladia_20,Mytilus californianus,1e70aeac-10c1-4e06-b0f8-8e0939559b38
HumanObservation,US,38.31819916,-123.07365,2020-06-24/2020-06-25,BML_2020-06-24_2020-06-25_endocladia,BML_2020-06-24_2020-06-25_endocladia_20,Mytilus californianus,f6c2f299-575f-48d0-a7b2-be162fc8928f
HumanObservation,US,38.73049927,-123.48864,2022-06-15/2022-06-15,SEA_2022-06-15_2022-06-15_mytilus,SEA_2022-06-15_2022-06-15_mytilus_20,Mytilus californianus,bab198ed-f686-429d-9219-8eccf3a36fb0
HumanObservation,US,38.73049927,-123.48864,2020-07-06/2020-07-06,SEA_2020-07-06_2020-07-06_endocladia,SEA_2020-07-06_2020-07-06_endocladia_20,Mytilus californianus,3b821216-b098-4d8a-9986-a926e12b465a
HumanObservation,US,37.04425049,-122.23493,2016-10-16/2016-10-16,SCT_2016-10-16_2016-10-16_endocladia,SCT_2016-10-16_2016-10-16_endocladia_20,Mytilus californianus,13d305e9-889a-4c27-b191-43e64601e95c
HumanObservation,US,38.31819916,-123.07365,2018-06-16/2018-06-16,BML_2018-06-16_2018-06-16_mytilus,BML_2018-06-16_2018-06-16_mytilus_20,Mytilus californianus,a03c7e90-8ce5-4709-9175-860ae2beded6
HumanObservation,US,37.90354156,-122.72721,2020-06-22/2020-06-22,BOL_2020-06-22_2020-06-22,BOL_2020-06-22_2020-06-22_160,Mytilus californianus,9786fd49-9ac1-4be5-b061-e14c5864e38b
HumanObservation,US,37.04425049,-122.23493,2015-11-24/2015-11-24,SCT_2015-11-24_2015-11-24_silvetia,SCT_2015-11-24_2015-11-24_silvetia_20,Mytilus californianus,d49074ce-7b5a-4615-89ff-84992e339715
HumanObservation,US,38.73049927,-123.48864,2017-06-23/2017-06-23,SEA_2017-06-23_2017-06-23_pelvetiopsis,SEA_2017-06-23_2017-06-23_pelvetiopsis_20,Mytilus californianus,c4579bd8-ef36-46d6-b724-18f109403ea3
HumanObservation,US,-122.15503,36.9801712,2021-10-06/2021-10-06,SAD_2021-10-06_2021-10-06_mytilus,SAD_2021-10-06_2021-10-06_mytilus_20,Mytilus californianus,c5856ebf-e87f-47c9-be3e-10e091dffd38
HumanObservation,US,38.73049927,-123.48864,2020-07-06/2020-07-06,SEA_2020-07-06_2020-07-06_mytilus,"",Mytilus californianus,974f4c51-8783-434d-9ee7-83646c24b75a
HumanObservation,US,37.04425049,-122.23493,2018-10-09/2018-10-09,SCT_2018-10-09_2018-10-09_chthamalus_balanus,SCT_2018-10-09_2018-10-09_chthamalus_balanus_20,Mytilus californianus,6a16aaf2-6d08-44c2-8251-2ad5775009b7
HumanObservation,US,38.31819916,-123.07365,2020-06-24/2020-06-24,BML_2020-06-24_2020-06-24_pelvetiopsis,BML_2020-06-24_2020-06-24_pelvetiopsis_20,Mytilus californianus,0c7ff652-0a86-40c4-bcd4-b7a8b4eba1e9
HumanObservation,US,36.9801712,-122.15503,2017-10-19/2017-10-19,SAD_2017-10-19_2017-10-19_mytilus,SAD_2017-10-19_2017-10-19_mytilus_20,Mytilus californianus,d3c90126-3fa2-491d-b5b8-0c937a6e6927
HumanObservation,US,37.04425049,-122.23493,2021-10-08/2021-10-08,SCT_2021-10-08_2021-10-08_silvetia,SCT_2021-10-08_2021-10-08_silvetia_20,Mytilus californianus,de9e4848-6ad3-4f2b-a2a0-caf4987d79b1
HumanObservation,US,37.04425049,-122.23493,2020-10-16/2020-10-16,SCT_2020-10-16_2020-10-16_fucus,SCT_2020-10-16_2020-10-16_fucus_20,Mytilus californianus,163c4b5f-36e9-453f-9294-4ec7150069df
HumanObservation,US,36.94841003,-122.06457,2015-11-11/2015-11-11,TPT_2015-11-11_2015-11-11_mastocarpus,TPT_2015-11-11_2015-11-11_mastocarpus_20,Mytilus californianus,e57f4a39-fef2-4387-a432-bb54c9559bde
HumanObservation,US,38.31819916,-123.07365,2018-06-16/2052-06-16,BML_2018-06-16_2018-06-16_endocladia,SCT_2020-10-16_2020-10-16_fucus_20,Mytilus californianus,dcc4af7c-59c3-4c96-bbe8-d296773babdb
HumanObservation,US,36.9801712,-122.15503,2017-10-19/2017-10-19,SAD_2017-10-19_2017-10-19_phyllospadix,SAD_2017-10-19_2017-10-19_phyllospadix_9,Mytilus californianus,c0580c2d-4a18-4091-86f2-f8c9cc972fa4
HumanObservation,US,38.73049927,-123.48864,2015-06-15/2015-06-15,SEA_2015-06-15_2015-06-15_mytilus,SEA_2015-06-15_2015-06-15_mytilus_20,Mytilus californianus,2546fc76-aed8-44d4-bb34-f177e646172f
HumanObservation,US,38.73049927,-123.48864,2022-06-15/2022-06-15,SEA_2022-06-15_2022-06-15_pelvetiopsis,SEA_2022-06-15_2022-06-15_pelvetiopsis_20,Mytilus californianus,bff071e2-3057-4e7d-a1d4-415d2b3cad3e
HumanObservation,US,36.9801712,-122.15503,2020-11-01/2020-11-01,SAD_2020-11-01_2020-11-01_mytilus,SAD_2020-11-01_2020-11-01_mytilus_20,Mytilus californianus,b3682395-b278-4e4c-bfac-d2d39541bdbb
HumanObservation,US,38.73049927,-123.48864,2021-06-28/2021-06-28,SEA_2021-06-28_2021-06-28_mytilus,SEA_2021-06-28_2021-06-28_mytilus_20,Mytilus californianus,c89e522d-8ea9-470b-9ff8-c0c22529e732
HumanObservation,US,0,0,2019-10-29/2019-10-29,SCT_2019-10-29_2019-10-29_silvetia,SCT_2019-10-29_2019-10-29_silvetia_20,Mytilus californianus,88f60cf0-b024-4921-a609-44ce1f85e83c
HumanObservation,US,36.94841003,-122.06457,2020-12-12/2020-12-12,TPT_2020-12-12_2020-12-12_balanus,TPT_2020-12-12_2020-12-12_balanus_20,Mytilus californianus,2416f33c-4914-4453-9a73-09c16b334d8b
HumanObservation,US,37.04425049,-122.23493,2019-10-29/2019-10-29,SCT_2019-10-29_2019-10-29_chthamalus_balanus,SCT_2019-10-29_2019-10-29_chthamalus_balanus_20,Mytilus californianus,9c527c9b-bf92-41c1-a891-fd99005850e7
HumanObservation,US,38.73049927,-123.48864,2019-06-16/2019-06-16,SEA_2019-06-16_2019-06-16_mytilus,SEA_2019-06-16_2019-06-16_mytilus_20,Mytilus californianus,3ea2efda-37df-49b1-99e7-a878c56149d5
HumanObservation,US,38.31819916,-123.07365,2022-06-15/2022-06-15,BML_2022-06-15_2022-06-15_mytilus,BML_2022-06-15_2022-06-15_mytilus_20,Mytilus californianus,fceca9a6-0348-443c-9da7-ffdba51be886
HumanObservation,US,36.9801712,-122.15503,2022-10-11/2022-10-11,SAD_2022-10-11_2022-10-11_pelvetiopsis,SAD_2022-10-11_2022-10-11_pelvetiopsis_20,Mytilus californianus,cb0af35c-6a2c-4baa-99d2-11342f6869b4
HumanObservation,US,37.04425049,-122.23493,2019-10-29/2019-10-29,SCT_2019-10-29_2019-10-29_fucus,SCT_2019-10-29_2019-10-29_fucus_20,Mytilus californianus,ee71f2e4-0efb-4557-84e2-b90e2559a656
HumanObservation,US,37.04425049,-122.23493,2020-10-16/2020-10-16,SCT_2020-10-16_2020-10-16_silvetia,SCT_2020-10-16_2020-10-16_silvetia_20,Mytilus californianus,293a76e1-8ab2-47d2-b81c-76923c3b4ee9
HumanObservation,US,36.94841003,-122.06457,2015-11-11/2015-11-11,TPT_2015-11-11_2015-11-11_balanus,TPT_2015-11-11_2015-11-11_balanus_20,Mytilus californianus,9422c2b1-0333-4ecc-8a49-82af074ecf3d
HumanObservation,US,36.94841003,-122.06457,2023-11-14/2023-11-14,TPT_2023-11-14_2023-11-14_mastocarpus,TPT_2023-11-14_2023-11-14_mastocarpus_20,Mytilus californianus,0edc645c-4f4c-4cf7-8185-02381378b68c
HumanObservation,US,36.94841003,-122.06457,2016-10-17/2016-10-17,TPT_2016-10-17_2016-10-17_balanus,TPT_2016-10-17_2016-10-17_balanus_20,Mytilus californianus,eb3dd2b2-0b8b-46b7-8ef1-ee5b502618ab
HumanObservation,US,36.9801712,-122.15503,2016-10-15/2016-10-15,SAD_2016-10-15_2016-10-15_phyllospadix,SAD_2016-10-15_2016-10-15_phyllospadix_9,Mytilus californianus,b60ab4eb-117a-4214-b6f2-d2f3d0414928
HumanObservation,US,37.04425049,-122.23493,2020-10-16/2020-10-16,SCT_2020-10-16_2020-10-16_endocladia,SCT_2020-10-16_2020-10-16_endocladia_20,Mytilus californianus,d492ea8c-4d56-490e-959a-088cff62f479
HumanObservation,US,37.04425049,-122.23493,2021-10-08/2021-10-08,SCT_2021-10-08_2021-10-08_mytilus,SCT_2021-10-08_2021-10-08_mytilus_20,Mytilus californianus,72d33e0a-af26-4f35-89d1-749f8418ffd6
HumanObservation,US,38.31819916,-123.07365,2023-06-19/2023-06-19,BML_2023-06-19_2023-06-19_chthamalus_balanus,BML_2023-06-19_2023-06-19_chthamalus_balanus_20,Mytilus californianus,8582562e-7e3c-4821-b7bd-70d9736cc618
HumanObservation,US,38.73049927,-123.48864,2022-06-15/2022-06-15,SEA_2022-06-15_2022-06-15_endocladia,SEA_2022-06-15_2022-06-15_endocladia_20,Mytilus californianus,d123cb7b-d701-4aa2-97e8-f29bdc4f2c12
HumanObservation,US,36.94841003,-122.06457,2021-05-31/2021-05-31,TPT_2021-05-31_2021-05-31,TPT_2021-05-31_2021-05-31_160,Mytilus californianus,578592e3-edc6-44bd-ba72-e93e7244cea3
HumanObservation,US,38.31819916,-123.07365,2022-06-15/2022-06-15,BML_2022-06-15_2022-06-15_pelvetiopsis,BML_2022-06-15_2022-06-15_pelvetiopsis_20,Mytilus californianus,8a9d3a58-56c3-47d7-9cfd-d5dc23a4d4cb
HumanObservation,US,38.61363983,-123.36753,2021-06-28/2021-06-28,STE_2021-06-28_2021-06-28,STE_2021-06-28_2021-06-28_160,Mytilus californianus,8c978026-9448-4064-a561-848cc4d643f0
HumanObservation,US,36.94841003,-122.06457,2021-11-03/2021-11-03,TPT_2021-11-03_2021-11-03_balanus,TPT_2021-11-03_2021-11-03_balanus_20,Mytilus californianus,d7a57fe1-19b9-4fe6-892d-5664b32c6ffd
HumanObservation,US,38.01242828,-122.84915,2021-05-15/2021-05-15,SMC_2021-05-15_2021-05-15,SMC_2021-05-15_2021-05-15_160,Mytilus californianus,51008849-bf5c-4c03-9106-f71689f0b38c
HumanObservation,US,36.94841003,-122.06457,2021-11-03/2021-11-03,TPT_2021-11-03_2021-11-03_mytilus,TPT_2021-11-03_2021-11-03_mytilus_20,Mytilus californianus,f1de6848-dba7-4d03-90e2-b80a54b79c23
HumanObservation,US,37.10778046,-122.29444,2021-06-13/2021-06-13,ANO_2021-06-13_2021-06-13,ANO_2021-06-13_2021-06-13_160,Mytilus californianus,d0a584cf-9e48-4fbf-9d1a-ab6f0c573920
HumanObservation,US,36.9801712,-122.15503,2015-11-10/2015-11-10,SAD_2015-11-10_2015-11-10_mytilus,SAD_2015-11-10_2015-11-10_mytilus_20,Mytilus californianus,e01db808-c5e8-4028-93ed-c9904f7d5280
HumanObservation,US,36.94841003,-122.06457,2019-10-15/2019-10-15,TPT_2019-10-15_2019-10-15_mastocarpus,TPT_2019-10-15_2019-10-15_mastocarpus_20,Mytilus californianus,09d29ea0-b6d5-4e90-976d-029234a9f28f
HumanObservation,US,37.04425049,-122.23493,2018-10-09/2018-10-09,SCT_2018-10-09_2018-10-09_endocladia,SCT_2018-10-09_2018-10-09_endocladia_20,Mytilus californianus,01f0a173-e659-4316-9c53-205e33ef5503
HumanObservation,US,36.9801712,-122.15503,2023-10-29/2023-10-29,SAD_2023-10-29_2023-10-29_phyllospadix,SAD_2023-10-29_2023-10-29_phyllospadix_9,Mytilus californianus,f7378016-69ca-4653-9765-dbf5ce255340
HumanObservation,US,38.31644058,-123.0721,2018-06-17/2018-06-17,HCO_2018-06-17_2018-06-17,HCO_2018-06-17_2018-06-17_160,Mytilus californianus,5085da46-87e7-4d46-8299-77905679bce1
HumanObservation,US,38.31819916,-123.07365,2019-06-16/2019-06-16,BML_2019-06-16_2019-06-16_pelvetiopsis,BML_2019-06-16_2019-06-16_pelvetiopsis_20,Mytilus californianus,21f0cb97-0050-4ca4-aa23-dea3836b332e
HumanObservation,US,36.94841003,-122.06457,2017-10-20/2017-10-20,TPT_2017-10-20_2017-10-20_silvetia,TPT_2017-10-20_2017-10-20_silvetia_20,Mytilus californianus,0d5d9c54-652e-44ed-81d2-34587b0b7f11
HumanObservation,US,37.04425049,-122.23493,2015-11-24/2015-11-24,SCT_2015-11-24_2015-11-24_fucus,SCT_2015-11-24_2015-11-24_fucus_20,Mytilus californianus,4f9645ab-0038-4d1b-8787-af429d54ca94
HumanObservation,US,37.04425049,-122.23493,2023-11-15/2023-11-15,SCT_2023-11-15_2023-11-15_chthamalus_balanus,SCT_2023-11-15_2023-11-15_chthamalus_balanus_20,Mytilus californianus,dead438f-0396-4dab-8963-2c71541acdce
HumanObservation,US,36.9801712,-122.15503,2018-10-11/2018-10-11,SAD_2018-10-11_2018-10-11_balanus,SAD_2018-10-11_2018-10-11_balanus_20,Mytilus californianus,cd69bcb5-685d-488c-9fbe-75ce3664aedd
HumanObservation,US,36.94841003,-122.06457,2015-11-11/2015-11-11,TPT_2015-11-11_2015-11-11_silvetia,TPT_2015-11-11_2015-11-11_silvetia_20,Mytilus californianus,cece81e1-7d03-4aa8-a517-e05d810cb945
HumanObservation,US,36.9801712,-122.15503,2021-10-06/2021-10-06,SAD_2021-10-06_2021-10-06_phyllospadix,SAD_2021-10-06_2021-10-06_phyllospadix_9,Mytilus californianus,9bffcddf-e254-4874-93ea-7f78855a2938
HumanObservation,US,36.94841003,-122.06457,2021-11-03/2021-11-03,TPT_2021-11-03_2021-11-03_mastocarpus,TPT_2021-11-03_2021-11-03_mastocarpus_20,Mytilus californianus,6a71664a-973c-49ea-8a2d-5168b9f30200
HumanObservation,US,37.04425049,-122.23493,2018-10-09/2018-10-09,SCT_2018-10-09_2018-10-09_fucus,SCT_2018-10-09_2018-10-09_fucus_20,Mytilus californianus,d68bcdff-1cf3-4edf-be14-a7cd31d9b9a2
HumanObservation,US,36.9801712,-122.15503,2020-11-01/2020-11-01,SAD_2020-11-01_2020-11-01_phyllospadix,SAD_2020-11-01_2020-11-01_phyllospadix_9,Mytilus californianus,a690182e-b7e9-4efc-accf-d659bbf0ad77
HumanObservation,US,36.9801712,-122.15503,2016-10-15/2016-10-15,SAD_2016-10-15_2016-10-15_balanus,SAD_2016-10-15_2016-10-15_balanus_20,Mytilus californianus,4c604455-28b0-41ab-ba43-5b6637526d81
HumanObservation,US,36.9801712,-122.15503,2019-10-27/2019-10-27,SAD_2019-10-27_2019-10-27_phyllospadix,SAD_2019-10-27_2019-10-27_phyllospadix_9,Mytilus californianus,be0cd7e8-572b-4965-baf5-7211c9b6ea5d
HumanObservation,US,36.9801712,-122.15503,2016-10-15/2016-10-15,SAD_2016-10-15_2016-10-15_mytilus,SAD_2016-10-15_2016-10-15_mytilus_20,Mytilus californianus,2f4ece81-c3f1-4b76-843d-ad63844b8c19
HumanObservation,US,38.31819916,-123.07365,2017-07-25/2017-07-25,BML_2017-07-25_2017-07-25_endocladia,BML_2017-07-25_2017-07-25_endocladia_20,Mytilus californianus,c09b418b-c917-461c-9e3e-eed523fbbc91
HumanObservation,US,38.31819916,-123.07365,2017-07-26/2017-07-26,BML_2017-07-26_2017-07-26_mytilus,BML_2017-07-26_2017-07-26_mytilus_20,Mytilus californianus,8e7ec658-f81e-47ea-a640-e6f736d24451
HumanObservation,US,37.04425049,-122.23493,2019-10-29/2019-10-29,SCT_2019-10-29_2019-10-29_mytilus,SCT_2019-10-29_2019-10-29_mytilus_20,Mytilus californianus,858be61b-f2f5-4bb5-82b8-b139de1c44d8
HumanObservation,US,36.94841003,-122.06457,2019-10-15/2019-10-15,TPT_2019-10-15_2019-10-15_mytilus,TPT_2019-10-15_2019-10-15_mytilus_20,Mytilus californianus,7157cb8f-2aa3-4826-9897-d0b04c515f71
HumanObservation,US,37.04425049,-122.23493,2016-10-16/2016-10-16,SCT_2016-10-16_2016-10-16_fucus,SCT_2016-10-16_2016-10-16_fucus_20,Mytilus californianus,b19addb0-65d1-4313-b684-ed1d12a1a273
HumanObservation,US,36.9801712,-122.15503,2022-10-11/2022-10-11,SAD_2022-10-11_2022-10-11_mytilus,SAD_2022-10-11_2022-10-11_mytilus_20,Mytilus californianus,c2318e3f-646e-432a-b2ad-3ba3c238b4dc
HumanObservation,US,36.94841003,-122.06457,2020-12-12/2020-12-12,TPT_2020-12-12_2020-12-12_silvetia,TPT_2020-12-12_2020-12-12_silvetia_20,Mytilus californianus,d4620d9d-033d-4a2e-92ff-a8f7afad3939
HumanObservation,US,36.9801712,-122.15503,2018-10-11/2018-10-11,SAD_2018-10-11_2018-10-11_phyllospadix,SAD_2018-10-11_2018-10-11_phyllospadix_9,Mytilus californianus,e816f146-0d3b-4464-a2b9-85f207980bb9
HumanObservation,US,37.04425049,-122.23493,2022-10-25/2022-10-25,SCT_2022-10-25_2022-10-25_endocladia,SCT_2022-10-25_2022-10-25_endocladia_20,Mytilus californianus,511ba195-d2be-418d-9a30-06f3a22d9b89
HumanObservation,US,38.31819916,-123.07365,2015-06-15/2015-06-15,BML_2015-06-15_2015-06-15_chthamalus_balanus,BML_2015-06-15_2015-06-15_chthamalus_balanus_20,Mytilus californianus,3c1b8902-b175-463c-ac47-e113eeb0bda5
HumanObservation,US,37.02207947,-122.21538,2020-01-08/2020-01-08,DAV_2020-01-08_2020-01-08,DAV_2020-01-08_2020-01-08_160,Mytilus californianus,5ba9562c-aef5-4aed-a789-94ba24d02928
HumanObservation,US,38.31819916,-123.07365,2016-06-04/2016-06-04,BML_2016-06-04_2016-06-04_mytilus,BML_2016-06-04_2016-06-04_mytilus_20,Mytilus californianus,93499760-7536-494d-8a03-865af68746ef
HumanObservation,US,36.9801712,-122.15503,2021-10-06/2021-10-06,SAD_2021-10-06_2021-10-06_balanus,SAD_2021-10-06_2021-10-06_balanus_20,Mytilus californianus,d4d99f49-620a-4eaf-935a-1ca9dfb89477
HumanObservation,US,36.9801712,-122.15503,2020-05-28/2020-05-28,SAD_2020-05-28_2020-05-28,SAD_2020-05-28_2020-05-28_160,Mytilus californianus,44739ba9-ed64-4500-a368-0bd6084202ae
HumanObservation,US,37.04425049,-122.23493,2021-10-08/2021-10-08,SCT_2021-10-08_2021-10-08_chthamalus_balanus,SCT_2021-10-08_2021-10-08_chthamalus_balanus_20,Mytilus californianus,9ff1b74c-e733-4ee1-9c17-a0c2765285a2
HumanObservation,US,36.94841003,-122.06457,2021-11-03/2021-11-03,TPT_2021-11-03_2021-11-03_chthamalus_balanus,TPT_2021-11-03_2021-11-03_chthamalus_balanus_20,Mytilus californianus,4d683441-65cd-4695-89b7-3c6a07c78696
HumanObservation,US,37.04425049,-122.23493,2017-10-21/2017-10-21,SCT_2017-10-21_2017-10-21_chthamalus_balanus,SCT_2017-10-21_2017-10-21_chthamalus_balanus_20,Mytilus californianus,fcf4e2cd-8d42-4d17-b8f4-d8df888897e6
HumanObservation,US,37.04425049,-122.23493,2017-10-21/2017-10-21,SCT_2017-10-21_2017-10-21_silvetia,SCT_2017-10-21_2017-10-21_silvetia_20,Mytilus californianus,466b678b-581f-458e-822a-ac1ce63d7d76
HumanObservation,US,36.94841003,-122.06457,2019-10-15/2019-10-15,TPT_2019-10-15_2019-10-15_silvetia,TPT_2019-10-15_2019-10-15_silvetia_20,Mytilus californianus,4d4db287-6cdb-4a21-990c-6a04c8772620
HumanObservation,US,38.31819916,-123.07365,2022-06-15/2022-06-15,BML_2022-06-15_2022-06-15_chthamalus_balanus,BML_2022-06-15_2022-06-15_chthamalus_balanus_20,Mytilus californianus,3e4390cb-d753-455e-beff-9c28b2c8bdce
HumanObservation,US,36.9801712,-122.15503,2022-10-11/2022-10-11,SAD_2022-10-11_2022-10-11_phyllospadix,SAD_2022-10-11_2022-10-11_phyllospadix_9,Mytilus californianus,2288a2ed-cebe-4959-95f6-522bfdc56edc
HumanObservation,US,38.73049927,-123.48864,2016-06-04/2016-06-04,SEA_2016-06-04_2016-06-04_endocladia,SEA_2016-06-04_2016-06-04_endocladia_20,Mytilus californianus,ebbc4671-af61-48bd-8015-e939af004399
HumanObservation,US,38.73049927,-123.48864,2017-06-23/2017-06-23,SEA_2017-06-23_2017-06-23_endocladia,SEA_2017-06-23_2017-06-23_endocladia_20,Mytilus californianus,56cb2e0a-7b90-4e5b-89b2-369b012bdc89
HumanObservation,US,37.04425049,-122.23493,2015-11-24/2015-11-24,SCT_2015-11-24_2015-11-24_mytilus,SCT_2015-11-24_2015-11-24_mytilus_20,Mytilus californianus,d59e1b76-c418-4183-8830-ff97736468d1
HumanObservation,US,38.73049927,-123.48864,2020-08-19/2020-08-19,SEA_2020-08-19_2020-08-19,SEA_2020-08-19_2020-08-19_160,Mytilus californianus,4f1877be-dbe8-4fef-9221-69cf6115fe1a
HumanObservation,US,38.31819916,-123.07365,2019-06-16/2019-06-16,BML_2019-06-16_2019-06-16_endocladia,BML_2019-06-16_2019-06-16_endocladia_20,Mytilus californianus,ef797eee-2d8c-4c28-8ff0-94d2c5f11915
HumanObservation,US,38.31819916,-123.07365,2019-06-16/2019-06-16,BML_2019-06-16_2019-06-16_mytilus,BML_2019-06-16_2019-06-16_mytilus_20,Mytilus californianus,f9707f1c-a985-40d9-b999-8df12363623c
HumanObservation,US,36.9801712,-122.15503,2015-11-10/2015-11-10,SAD_2015-11-10_2015-11-10_recovery,SAD_2015-11-10_2015-11-10_recovery_20,Mytilus californianus,b7057710-e1d6-4952-a743-1ef0171575a7
HumanObservation,US,38.73049927,-123.48864,2023-06-04/2023-06-04,SEA_2023-06-04_2023-06-04_mytilus,SEA_2023-06-04_2023-06-04_mytilus_20,Mytilus californianus,0db0ecfd-8c9c-46fc-a841-72f8f3d6c7ce
HumanObservation,US,36.9801712,-122.15503,2017-10-19/2017-10-19,SAD_2017-10-19_2017-10-19_balanus,SAD_2017-10-19_2017-10-19_balanus_20,Mytilus californianus,100b2ab1-4eb4-4f30-99fe-cadaee012211
HumanObservation,US,36.9801712,-122.15503,2022-10-11/2022-10-11,SAD_2022-10-11_2022-10-11_balanus,SAD_2022-10-11_2022-10-11_balanus_20,Mytilus californianus,33ba5687-8a1b-4f0b-a454-30a5a5be4477
HumanObservation,US,37.04425049,-122.23493,2022-10-25/2022-10-25,SCT_2022-10-25_2022-10-25_fucus,SCT_2022-10-25_2022-10-25_fucus_20,Mytilus californianus,0377b58b-a79a-455c-9d8d-b6c3ab505503
HumanObservation,US,36.94841003,-122.06457,2022-10-10/2022-10-10,TPT_2022-10-10_2022-10-10_balanus,TPT_2022-10-10_2022-10-10_balanus_20,Mytilus californianus,7ddd9abc-1712-4f91-9e01-a1ef6bf15a0f
HumanObservation,US,36.94841003,-122.06457,2023-11-14/2023-11-14,TPT_2023-11-14_2023-11-14_mytilus,TPT_2023-11-14_2023-11-14_mytilus_20,Mytilus californianus,71933856-f5c6-4848-8f0a-efdf730ef7a8
HumanObservation,US,36.94841003,-122.06457,2017-10-20/2017-10-20,TPT_2017-10-20_2017-10-20_balanus,TPT_2017-10-20_2017-10-20_balanus_20,Mytilus californianus,5fe1d815-bb26-4335-bbb2-97a0a078018c
HumanObservation,US,36.94841003,-122.06457,2017-10-20/2017-10-20,TPT_2017-10-20_2017-10-20_mastocarpus,TPT_2017-10-20_2017-10-20_mastocarpus_20,Mytilus californianus,793f17c6-b5a0-4918-a5ac-540b30279707
HumanObservation,US,38.31819916,-123.07365,2017-07-25/2017-07-25,BML_2017-07-25_2017-07-25_pelvetiopsis,BML_2017-07-25_2017-07-25_pelvetiopsis_20,Mytilus californianus,37a26f2e-3167-40ed-9923-468eff1d9ec1
HumanObservation,US,38.73049927,-123.48864,2020-07-06/2020-07-06,SEA_2020-07-06_2020-07-06_pelvetiopsis,SEA_2020-07-06_2020-07-06_pelvetiopsis_20,Mytilus californianus,b3cf53f6-7c7e-4f1e-9621-2827c174e530
HumanObservation,US,36.9801712,-122.15503,2017-10-19/2017-10-19,SAD_2017-10-19_2017-10-19_pelvetiopsis,SAD_2017-10-19_2017-10-19_pelvetiopsis_20,Mytilus californianus,e6f4d7fe-3226-4b1a-895b-8f51de1c196b
HumanObservation,US,36.9801712,-122.15503,2018-10-11/2018-10-11,SAD_2018-10-11_2018-10-11_pelvetiopsis,SAD_2018-10-11_2018-10-11_pelvetiopsis_20,Mytilus californianus,8ecb9e1d-c63e-4697-9671-31a0fea8f1a1
HumanObservation,US,36.9801712,-122.15503,2015-11-10/2015-11-10,SAD_2015-11-10_2015-11-10_balanus,SAD_2015-11-10_2015-11-10_balanus_20,Mytilus californianus,ded68664-3c19-43ae-8987-d674a5c54309
HumanObservation,US,36.94841003,-122.06457,2021-11-03/2021-11-03,TPT_2021-11-03_2021-11-03_silvetia,TPT_2021-11-03_2021-11-03_silvetia_20,Mytilus californianus,48208719-525a-49e3-b6d1-0dbcb76dddbc
HumanObservation,US,37.04425049,-122.23493,2020-11-17/2020-11-17,SCT_2020-11-17_2020-11-17_chthamalus_balanus,SCT_2020-11-17_2020-11-17_chthamalus_balanus_20,Mytilus californianus,9f46c331-d00c-4d30-b2df-9a45cfd07b77
HumanObservation,US,38.31819916,-123.07365,2015-06-15/2015-06-15,BML_2015-06-15_2015-06-15_mytilus,BML_2015-06-15_2015-06-15_mytilus_20,Mytilus californianus,bd393117-401d-41c8-bf6a-9551521ef0d7
HumanObservation,US,38.31819916,-123.07365,2018-06-16/2018-06-16,BML_2018-06-16_2018-06-16_chthamalus_balanus,BML_2018-06-16_2018-06-16_chthamalus_balanus_20,Mytilus californianus,0a891801-3720-4d8a-b312-b73da7b2ba24
HumanObservation,US,37.04425049,-122.23493,2016-10-16/2016-10-16,SCT_2016-10-16_2016-10-16_mytilus,SCT_2016-10-16_2016-10-16_mytilus_20,Mytilus californianus,c700a74f-677d-43d0-ad04-4cc301058f76
HumanObservation,US,37.04425049,-122.23493,2015-11-24/2015-11-24,SCT_2015-11-24_2015-11-24_chthamalus_balanus,SCT_2015-11-24_2015-11-24_chthamalus_balanus_20,Mytilus californianus,720423b1-5453-40af-9ea7-e20112b3e93f
HumanObservation,US,37.18360901,-122.39529,2020-01-10/2020-01-10,PPT_2020-01-10_2020-01-10,PPT_2020-01-10_2020-01-10_160,Mytilus californianus,9caa1378-9bdf-42e7-8715-4711e2c4cf09
HumanObservation,US,37.04425049,-122.23493,2016-10-16/2016-10-16,SCT_2016-10-16_2016-10-16_chthamalus_balanus,SCT_2016-10-16_2016-10-16_chthamalus_balanus_20,Mytilus californianus,e0dfcf70-b02f-4ae2-a3ee-b028bdd9c1f1
HumanObservation,US,36.9801712,-122.15503,2021-10-06/2021-10-06,SAD_2021-10-06_2021-10-06_pelvetiopsis,SAD_2021-10-06_2021-10-06_pelvetiopsis_20,Mytilus californianus,4d0e0b01-e592-48a8-9bd8-7732b082c036
HumanObservation,US,36.9801712,-122.15503,2020-11-01/2020-11-01,SAD_2020-11-01_2020-11-01_pelvetiopsis,SAD_2020-11-01_2020-11-01_pelvetiopsis_20,Mytilus californianus,07f1f38f-797f-4f64-8a27-c685bea4fe78
HumanObservation,US,37.04425049,-122.23493,2020-10-16/2020-10-16,SCT_2020-10-16_2020-10-16_mytilus,SCT_2020-10-16_2020-10-16_mytilus_20,Mytilus californianus,0942946f-eff8-4558-81de-6aeab23407c0
HumanObservation,US,38.73049927,-123.48864,2015-06-15/2015-06-15,SEA_2015-06-15_2015-06-15_endocladia,SEA_2015-06-15_2015-06-15_endocladia_20,Mytilus californianus,0fc91f3f-db07-475a-9117-c2a3d6b14796
HumanObservation,US,37.04425049,-122.23493,2022-10-25/2022-10-25,SCT_2022-10-25_2022-10-25_chthamalus_balanus,SCT_2022-10-25_2022-10-25_chthamalus_balanus_20,Mytilus californianus,ce623379-3801-4d7c-a3f5-46938c9bbc08
HumanObservation,US,36.94841003,-122.06457,2020-12-12/2020-12-12,TPT_2020-12-12_2020-12-12_chthamalus_balanus,TPT_2020-12-12_2020-12-12_chthamalus_balanus_20,Mytilus californianus,71e93284-9c31-40bf-8013-f897fd38c1bc
HumanObservation,US,36.9801712,-122.15503,2019-10-27/2019-10-27,SAD_2019-10-27_2019-10-27_balanus,SAD_2019-10-27_2019-10-27_balanus_20,Mytilus californianus,5a7e5483-b27e-4cc4-b0ee-87b24888fdc3
HumanObservation,US,36.94841003,-122.06457,2022-10-10/2022-10-10,TPT_2022-10-10_2022-10-10_silvetia,TPT_2022-10-10_2022-10-10_silvetia_20,Mytilus californianus,8e981854-1b49-4aae-b71f-4c5005abf511
HumanObservation,US,38.73049927,-123.48864,2021-06-28/2021-06-28,SEA_2021-06-28_2021-06-28_endocladia,SEA_2021-06-28_2021-06-28_endocladia_20,Mytilus californianus,9174dce1-d145-41a3-bf61-a9b39b5d5d16
HumanObservation,US,37.04425049,-122.23493,2021-10-08/2021-10-08,SCT_2021-10-08_2021-10-08_fucus,SCT_2021-10-08_2021-10-08_fucus_20,Mytilus californianus,8716a370-862c-4b8b-8976-956863f2d5d9
HumanObservation,US,36.9801712,-122.15503,2020-11-01/2020-11-01,SAD_2020-11-01_2020-11-01_balanus,SAD_2020-11-01_2020-11-01_balanus_20,Mytilus californianus,07ac045d-2254-4dc3-a69f-5829856aac4e
HumanObservation,US,36.94841003,-122.06457,2020-12-12/2020-12-12,TPT_2020-12-12_2020-12-12_mastocarpus,TPT_2020-12-12_2020-12-12_mastocarpus_20,Mytilus californianus,70c38767-c5e9-4ee7-b457-723d09fa15e0
HumanObservation,US,37.04425049,-122.23493,2018-10-09/2018-10-09,SCT_2018-10-09_2018-10-09_silvetia,SCT_2018-10-09_2018-10-09_silvetia_20,Mytilus californianus,62c06680-0804-4603-99bc-725b57b197c0
HumanObservation,US,37.04425049,-122.23493,2021-10-08/2021-10-08,SCT_2021-10-08_2021-10-08_endocladia,SCT_2021-10-08_2021-10-08_endocladia_20,Mytilus californianus,a23f3a10-771a-4bfa-b5e5-f209d5e06672
HumanObservation,US,37.04425049,-122.23493,2023-11-15/2023-11-15,SCT_2023-11-15_2023-11-15_mytilus,SCT_2023-11-15_2023-11-15_mytilus_20,Mytilus californianus,0b721003-9a5f-4f61-88a0-01a9a60cb771
HumanObservation,US,36.9801712,-122.15503,2019-10-27/2019-10-27,SAD_2019-10-27_2019-10-27_mytilus,SAD_2019-10-27_2019-10-27_mytilus_20,Mytilus californianus,cd1b001f-26f4-4549-a29c-21f58450c663
HumanObservation,US,38.58584976,-123.34147,2020-07-08/2020-07-08,PHL_2020-07-08_2020-07-08,PHL_2020-07-08_2020-07-08_160,Mytilus californianus,ea3efe82-f97e-4c52-8382-9b6820df03b6
HumanObservation,US,38.31819916,-123.07365,2023-06-19/2023-06-19,BML_2023-06-19_2023-06-19_mytilus,BML_2023-06-19_2023-06-19_mytilus_20,Mytilus californianus,07c2f140-3047-4f12-887e-2fcdddc75749
HumanObservation,US,36.94841003,-122.06457,2022-10-10/2022-10-10,TPT_2022-10-10_2022-10-10_mytilus,TPT_2022-10-10_2022-10-10_mytilus_20,Mytilus californianus,07911444-571d-4312-9603-525c3269f27b
HumanObservation,US,38.73049927,-123.48864,2016-06-04/2016-06-04,SEA_2016-06-04_2016-06-04_mytilus,SEA_2016-06-04_2016-06-04_mytilus_20,Mytilus californianus,a3864ad0-d832-4878-a572-7ff92f5759bd
HumanObservation,US,38.73049927,-123.48864,2019-06-16/2019-06-16,SEA_2019-06-16_2019-06-16_endocladia,SEA_2019-06-16_2019-06-16_endocladia_20,Mytilus californianus,59c5b28c-f4d4-457e-bc2b-0174254232d2
HumanObservation,US,38.31819916,-123.07365,2018-06-16/2018-06-16,BML_2018-06-16_2018-06-16_pelvetiopsis,BML_2018-06-16_2018-06-16_pelvetiopsis_20,Mytilus californianus,0565f591-6af6-4932-a11c-d1f8bc3084af
HumanObservation,US,37.04425049,-122.23493,2020-01-09/2020-01-09,SCT_2020-01-09_2020-01-09,SCT_2020-01-09_2020-01-09_160,Mytilus californianus,573d9ec3-72a5-4388-8ea9-6bee35d5b522
HumanObservation,US,36.9801712,-122.15503,2015-11-10/2015-11-10,SAD_2015-11-10_2015-11-10_pelvetiopsis,SAD_2015-11-10_2015-11-10_pelvetiopsis_20,Mytilus californianus,2584f998-167f-40e7-9630-dd863b25bbbb
HumanObservation,US,37.04425049,-122.23493,2022-10-25/2022-10-25,SCT_2022-10-25_2022-10-25_mytilus,SCT_2022-10-25_2022-10-25_mytilus_20,Mytilus californianus,9e70381d-cf43-4dcb-83c9-00d61a221fbe
HumanObservation,US,37.04425049,-122.23493,2017-10-21/2017-10-21,SCT_2017-10-21_2017-10-21_endocladia,SCT_2017-10-21_2017-10-21_endocladia_20,Mytilus californianus,293d27ac-305e-45f1-9c76-dec3d01f3c48
HumanObservation,US,37.04425049,-122.23493,2022-10-25/2022-10-25,SCT_2022-10-25_2022-10-25_silvetia,SCT_2022-10-25_2022-10-25_silvetia_20,Mytilus californianus,634cae2d-4271-4c4c-9ddd-0f70e41b57f3
HumanObservation,US,37.04425049,-122.23493,2023-11-15/2023-11-15,SCT_2023-11-15_2023-11-15_silvetia,SCT_2023-11-15_2023-11-15_silvetia_20,Mytilus californianus,34fa7891-28b1-46ad-8f70-c0ceec243e25
HumanObservation,US,37.04425049,-122.23493,2015-11-24/2015-11-24,SCT_2015-11-24_2015-11-24_endocladia,SCT_2015-11-24_2015-11-24_endocladia_20,Mytilus californianus,cc7c99d7-417c-4f4e-bad0-358fcc6bab48
HumanObservation,US,36.9801712,-122.15503,2019-10-27/2019-10-27,SAD_2019-10-27_2019-10-27_pelvetiopsis,SAD_2019-10-27_2019-10-27_pelvetiopsis_20,Mytilus californianus,a4abf45d-833b-4641-9a96-d56700e98fd2
HumanObservation,US,36.94841003,-122.06457,2016-10-17/2016-10-17,TPT_2016-10-17_2016-10-17_mastocarpus,TPT_2016-10-17_2016-10-17_mastocarpus_20,Mytilus californianus,8c65080f-7c7f-4ddb-a789-cf75f271432f
HumanObservation,US,37.04425049,-122.23493,2017-10-21/2017-10-21,SCT_2017-10-21_2017-10-21_fucus,SCT_2017-10-21_2017-10-21_fucus_20,Mytilus californianus,d1732b4a-2f8f-4537-b224-0ddeef4694ab
