id	type	modified	language	license	rightsHolder	accessRights	bibliographicCitation	references	institutionID	datasetID	institutionCode	datasetName	ownerInstitutionCode	informationWithheld	dataGeneralizations	dynamicProperties	eventID	parentEventID	fieldNumber	eventDate	eventTime	startDayOfYear	endDayOfYear	year	month	day	verbatimEventDate	habitat	samplingProtocol	sampleSizeValue	sampleSizeUnit	samplingEffort	fieldNotes	eventRemarks	locationID	higherGeographyID	higherGeography	continent	waterBody	islandGroup	island	country	countryCode	stateProvince	county	municipality	locality	verbatimLocality	minimumElevationInMeters	maximumElevationInMeters	verbatimElevation	minimumDepthInMeters	maximumDepthInMeters	verbatimDepth	minimumDistanceAboveSurfaceInMeters	maximumDistanceAboveSurfaceInMeters	locationAccordingTo	locationRemarks	decimalLatitude	decimalLongitude	geodeticDatum	coordinateUncertaintyInMeters	coordinatePrecision	pointRadiusSpatialFit	verbatimCoordinates	verbatimLatitude	verbatimLongitude	verbatimCoordinateSystem	verbatimSRS	footprintWKT	footprintSRS	footprintSpatialFit	georeferencedBy	georeferencedDate	georeferenceProtocol	georeferenceSources	georeferenceRemarks	geologicalContextID	earliestEonOrLowestEonothem	latestEonOrHighestEonothem	earliestEraOrLowestErathem	latestEraOrHighestErathem	earliestPeriodOrLowestSystem	latestPeriodOrHighestSystem	earliestEpochOrLowestSeries	latestEpochOrHighestSeries	earliestAgeOrLowestStage	latestAgeOrHighestStage	lowestBiostratigraphicZone	highestBiostratigraphicZone	lithostratigraphicTerms	group	formation	member	bed
28e205d4-9aed-4d91-b1be-f1ea534a4f7b											Department of Forest Resource Management, SLU	NILS					28e205d4-9aed-4d91-b1be-f1ea534a4f7b			2003-01-01/2003-12-31		1	365	2003	1	1			https://www.slu.se/centrumbildningar-och-projekt/nils/publikationer/faltinstruktioner/									Europe				Sweden	SE	Halland	Halland	Halmstad													56.67937	13.16363	EPSG:4326	2000				6283202.314	387494.3097		EPSG:3006																										
9232f973-1231-4f45-bea9-141a03178805											Department of Forest Resource Management, SLU	NILS					9232f973-1231-4f45-bea9-141a03178805			2003-01-01/2003-12-31		1	365	2003	1	1			https://www.slu.se/centrumbildningar-och-projekt/nils/publikationer/faltinstruktioner/									Europe				Sweden	SE	Skåne	Skåne	Hässleholm													56.23889	13.61236	EPSG:4326	2000				6233533.705	413994.0074		EPSG:3006																										
5b524d13-840c-428f-95bd-ed6807084952											Department of Forest Resource Management, SLU	NILS					5b524d13-840c-428f-95bd-ed6807084952			2003-01-01/2003-12-31		1	365	2003	1	1			https://www.slu.se/centrumbildningar-och-projekt/nils/publikationer/faltinstruktioner/									Europe				Sweden	SE	Småland	Kronoberg	Tingsryd													56.70467	15.20307	EPSG:4326	2000				6284530.314	512433.5664		EPSG:3006																										
054480c8-fc22-4cb3-abd0-9c432b380bb2											Department of Forest Resource Management, SLU	NILS					054480c8-fc22-4cb3-abd0-9c432b380bb2			2003-01-01/2003-12-31		1	365	2003	1	1			https://www.slu.se/centrumbildningar-och-projekt/nils/publikationer/faltinstruktioner/									Europe				Sweden	SE	Småland	Kronoberg	Tingsryd													56.70469	15.20715	EPSG:4326	2000				6284533.253	512683.4438		EPSG:3006																										
38520b2e-f5b6-43f0-bf9d-ff2605a1f39c											Department of Forest Resource Management, SLU	NILS					38520b2e-f5b6-43f0-bf9d-ff2605a1f39c			2003-01-01/2003-12-31		1	365	2003	1	1			https://www.slu.se/centrumbildningar-och-projekt/nils/publikationer/faltinstruktioner/									Europe				Sweden	SE	Halland	Halland	Halmstad													56.68161	13.16347	EPSG:4326	2000				6283452.153	387491.37		EPSG:3006																										
f53b4635-816e-47f0-b400-edf3b93817a0											Department of Forest Resource Management, SLU	NILS					f53b4635-816e-47f0-b400-edf3b93817a0			2003-01-01/2003-12-31		1	365	2003	1	1			https://www.slu.se/centrumbildningar-och-projekt/nils/publikationer/faltinstruktioner/									Europe				Sweden	SE	Blekinge	Blekinge	Karlshamn													56.25596	14.80236	EPSG:4326	2000				6234585.42	487755.4064		EPSG:3006																										
251ffc81-347b-4583-b2db-7e41562a2c34											Department of Forest Resource Management, SLU	NILS					251ffc81-347b-4583-b2db-7e41562a2c34			2003-01-01/2003-12-31		1	365	2003	1	1			https://www.slu.se/centrumbildningar-och-projekt/nils/publikationer/faltinstruktioner/									Europe				Sweden	SE	Småland	Kronoberg	Tingsryd													56.70920	15.21116	EPSG:4326	2000				6285035.948	512927.4422		EPSG:3006																										
1c00c5f7-c752-4a29-850f-cef53eab7ffa											Department of Forest Resource Management, SLU	NILS					1c00c5f7-c752-4a29-850f-cef53eab7ffa			2003-01-01/2003-12-31		1	365	2003	1	1			https://www.slu.se/centrumbildningar-och-projekt/nils/publikationer/faltinstruktioner/									Europe				Sweden	SE	Skåne	Skåne	Bromölla													56.03175	14.42882	EPSG:4326	2000				6209760.374	464405.9325		EPSG:3006																										
af12a8ae-91b9-4c65-8b51-ec058da6ddfb											Department of Forest Resource Management, SLU	NILS					af12a8ae-91b9-4c65-8b51-ec058da6ddfb			2003-01-01/2003-12-31		1	365	2003	1	1			https://www.slu.se/centrumbildningar-och-projekt/nils/publikationer/faltinstruktioner/									Europe				Sweden	SE	Skåne	Skåne	Hässleholm													56.23875	13.60431	EPSG:4326	2000				6233527.857	413494.3133		EPSG:3006																										
a50cc47f-f1cc-4e2b-b3c9-88243baacf0e											Department of Forest Resource Management, SLU	NILS					a50cc47f-f1cc-4e2b-b3c9-88243baacf0e			2003-01-01/2003-12-31		1	365	2003	1	1			https://www.slu.se/centrumbildningar-och-projekt/nils/publikationer/faltinstruktioner/									Europe				Sweden	SE	Skåne	Skåne	Kristianstad													55.80261	14.02947	EPSG:4326	2000				6184536.638	439163.2421		EPSG:3006																										
c37df394-4d8b-4528-be67-a818708d4afc											Department of Forest Resource Management, SLU	NILS					c37df394-4d8b-4528-be67-a818708d4afc			2003-01-01/2003-12-31		1	365	2003	1	1			https://www.slu.se/centrumbildningar-och-projekt/nils/publikationer/faltinstruktioner/									Europe				Sweden	SE	Småland	Kronoberg	Tingsryd													56.70465	15.19899	EPSG:4326	2000				6284527.374	512183.6891		EPSG:3006																										
769c8147-24dc-47a1-9b84-d4e7044b993b											Department of Forest Resource Management, SLU	NILS					769c8147-24dc-47a1-9b84-d4e7044b993b			2003-01-01/2003-12-31		1	365	2003	1	1			https://www.slu.se/centrumbildningar-och-projekt/nils/publikationer/faltinstruktioner/									Europe				Sweden	SE	Småland	Kronoberg	Tingsryd													56.70689	15.19895	EPSG:4326	2000				6284777.252	512180.7495		EPSG:3006																										
d65ae51b-5edb-4c35-a971-0110bdc141a3											Department of Forest Resource Management, SLU	NILS					d65ae51b-5edb-4c35-a971-0110bdc141a3			2003-01-01/2003-12-31		1	365	2003	1	1			https://www.slu.se/centrumbildningar-och-projekt/nils/publikationer/faltinstruktioner/									Europe				Sweden	SE	Skåne	Skåne	Kristianstad													55.80048	14.03754	EPSG:4326	2000				6184292.602	439665.8604		EPSG:3006																										
4d2a1f5c-303d-468d-b5af-27c6d0351f51											Department of Forest Resource Management, SLU	NILS					4d2a1f5c-303d-468d-b5af-27c6d0351f51			2003-01-01/2003-12-31		1	365	2003	1	1			https://www.slu.se/centrumbildningar-och-projekt/nils/publikationer/faltinstruktioner/									Europe				Sweden	SE	Skåne	Skåne	Kristianstad													55.80272	14.03744	EPSG:4326	2000				6184542.456	439662.9514		EPSG:3006																										
bb933d1c-74f6-43ee-8fcb-3be1f6ace17b											Department of Forest Resource Management, SLU	NILS					bb933d1c-74f6-43ee-8fcb-3be1f6ace17b			2003-01-01/2003-12-31		1	365	2003	1	1			https://www.slu.se/centrumbildningar-och-projekt/nils/publikationer/faltinstruktioner/									Europe				Sweden	SE	Skåne	Skåne	Hässleholm													56.23867	13.60028	EPSG:4326	2000				6233524.933	413244.4664		EPSG:3006																										
f3dc052c-8f13-4b82-b398-8633a0b35eb1											Department of Forest Resource Management, SLU	NILS					f3dc052c-8f13-4b82-b398-8633a0b35eb1			2003-01-01/2003-12-31		1	365	2003	1	1			https://www.slu.se/centrumbildningar-och-projekt/nils/publikationer/faltinstruktioner/									Europe				Sweden	SE	Småland	Kronoberg	Tingsryd													56.70914	15.19892	EPSG:4326	2000				6285027.129	512177.8099		EPSG:3006																										
c9449d56-0897-44b5-bfac-29b8ebfc8058											Department of Forest Resource Management, SLU	NILS					c9449d56-0897-44b5-bfac-29b8ebfc8058			2003-01-01/2003-12-31		1	365	2003	1	1			https://www.slu.se/centrumbildningar-och-projekt/nils/publikationer/faltinstruktioner/									Europe				Sweden	SE	Småland	Kalmar	Torsås													56.47781	16.02213	EPSG:4326	2000				6259728.628	562958.1694		EPSG:3006																										
681d65e9-f5c9-4e76-85e9-97f7fcd15e75											Department of Forest Resource Management, SLU	NILS					681d65e9-f5c9-4e76-85e9-97f7fcd15e75			2003-01-01/2003-12-31		1	365	2003	1	1			https://www.slu.se/centrumbildningar-och-projekt/nils/publikationer/faltinstruktioner/									Europe				Sweden	SE	Skåne	Skåne	Osby													56.47671	14.39082	EPSG:4326	2000				6259304.031	462476.0442		EPSG:3006																										
a90b4945-fc33-44ce-9423-ca3e1b7f375e											Department of Forest Resource Management, SLU	NILS					a90b4945-fc33-44ce-9423-ca3e1b7f375e			2003-01-01/2003-12-31		1	365	2003	1	1			https://www.slu.se/centrumbildningar-och-projekt/nils/publikationer/faltinstruktioner/									Europe				Sweden	SE	Småland	Kronoberg	Tingsryd													56.71142	15.20704	EPSG:4326	2000				6285282.886	512674.625		EPSG:3006																										
92131775-3cc4-416d-a597-29d8aacc2d63											Department of Forest Resource Management, SLU	NILS					92131775-3cc4-416d-a597-29d8aacc2d63			2003-01-01/2003-12-31		1	365	2003	1	1			https://www.slu.se/centrumbildningar-och-projekt/nils/publikationer/faltinstruktioner/									Europe				Sweden	SE	Småland	Kalmar	Torsås													56.48453	16.03029	EPSG:4326	2000				6260484.171	563449.158		EPSG:3006																										
5596fd03-7e50-49ab-ac6d-9c26f4b8a27c											Department of Forest Resource Management, SLU	NILS					5596fd03-7e50-49ab-ac6d-9c26f4b8a27c			2003-01-01/2003-12-31		1	365	2003	1	1			https://www.slu.se/centrumbildningar-och-projekt/nils/publikationer/faltinstruktioner/									Europe				Sweden	SE	Halland	Halland	Halmstad													56.67514	13.17616	EPSG:4326	2000				6282711.454	388249.7076		EPSG:3006																										
aea37dd9-b9ee-492f-bc48-371ee2d083f0											Department of Forest Resource Management, SLU	NILS					aea37dd9-b9ee-492f-bc48-371ee2d083f0			2003-01-01/2003-12-31		1	365	2003	1	1			https://www.slu.se/centrumbildningar-och-projekt/nils/publikationer/faltinstruktioner/									Europe				Sweden	SE	Halland	Halland	Halmstad													56.67738	13.17601	EPSG:4326	2000				6282961.293	388246.7681		EPSG:3006																										
e8a12821-6721-47ca-b062-2f2f3cfa9e10											Department of Forest Resource Management, SLU	NILS					e8a12821-6721-47ca-b062-2f2f3cfa9e10			2003-01-01/2003-12-31		1	365	2003	1	1			https://www.slu.se/centrumbildningar-och-projekt/nils/publikationer/faltinstruktioner/									Europe				Sweden	SE	Skåne	Skåne	Hässleholm													56.24562	13.61198	EPSG:4326	2000				6234283.247	413985.2345		EPSG:3006																										
bda8a324-76be-4b71-a97b-bf13da5c6868											Department of Forest Resource Management, SLU	NILS					bda8a324-76be-4b71-a97b-bf13da5c6868			2003-01-01/2003-12-31		1	365	2003	1	1			https://www.slu.se/centrumbildningar-och-projekt/nils/publikationer/faltinstruktioner/									Europe				Sweden	SE	Halland	Halland	Halmstad													56.68178	13.17162	EPSG:4326	2000				6283458.033	387991.0491		EPSG:3006																										
528ec75f-b9b9-4e86-bf62-e79c6ce87b11											Department of Forest Resource Management, SLU	NILS					528ec75f-b9b9-4e86-bf62-e79c6ce87b11			2003-01-01/2003-12-31		1	365	2003	1	1			https://www.slu.se/centrumbildningar-och-projekt/nils/publikationer/faltinstruktioner/									Europe				Sweden	SE	Skåne	Skåne	Kristianstad													55.79806	14.02569	EPSG:4326	2000				6184034.02	438919.2053		EPSG:3006																										
1ea5f160-3bd1-4ae2-8951-0f4adea5995b											Department of Forest Resource Management, SLU	NILS					1ea5f160-3bd1-4ae2-8951-0f4adea5995b			2003-01-01/2003-12-31		1	365	2003	1	1			https://www.slu.se/centrumbildningar-och-projekt/nils/publikationer/faltinstruktioner/									Europe				Sweden	SE	Skåne	Skåne	Kristianstad													55.80030	14.02559	EPSG:4326	2000				6184283.875	438916.2965		EPSG:3006																										
6e7d22fd-34d7-4323-93d1-35bb20d0f959											Department of Forest Resource Management, SLU	NILS					6e7d22fd-34d7-4323-93d1-35bb20d0f959			2003-01-01/2003-12-31		1	365	2003	1	1			https://www.slu.se/centrumbildningar-och-projekt/nils/publikationer/faltinstruktioner/									Europe				Sweden	SE	Skåne	Skåne	Hässleholm													56.24113	13.61224	EPSG:4326	2000				6233783.552	413991.0832		EPSG:3006																										
78963fe9-97ab-4520-8926-68a55c406136											Department of Forest Resource Management, SLU	NILS					78963fe9-97ab-4520-8926-68a55c406136			2003-01-01/2003-12-31		1	365	2003	1	1			https://www.slu.se/centrumbildningar-och-projekt/nils/publikationer/faltinstruktioner/									Europe				Sweden	SE	Småland	Kronoberg	Älmhult													56.47904	14.39885	EPSG:4326	2000				6259559.757	462972.8367		EPSG:3006																										
c5092e1c-115f-4c4e-89c3-989e9cab4a7c											Department of Forest Resource Management, SLU	NILS					c5092e1c-115f-4c4e-89c3-989e9cab4a7c			2003-01-01/2003-12-31		1	365	2003	1	1			https://www.slu.se/centrumbildningar-och-projekt/nils/publikationer/faltinstruktioner/									Europe				Sweden	SE	Småland	Kronoberg	Tingsryd													56.71140	15.20296	EPSG:4326	2000				6285279.946	512424.7476		EPSG:3006																										
ece79813-f8eb-4396-af07-4aad8009cdd8											Department of Forest Resource Management, SLU	NILS					ece79813-f8eb-4396-af07-4aad8009cdd8			2003-01-01/2003-12-31		1	365	2003	1	1			https://www.slu.se/centrumbildningar-och-projekt/nils/publikationer/faltinstruktioner/									Europe				Sweden	SE	Skåne	Skåne	Osby													56.47446	14.39090	EPSG:4326	2000				6259054.168	462478.976		EPSG:3006																										
2ecddbfe-06ca-448b-8755-e0d7e2e00956											Department of Forest Resource Management, SLU	NILS					2ecddbfe-06ca-448b-8755-e0d7e2e00956			2003-01-01/2003-12-31		1	365	2003	1	1			https://www.slu.se/centrumbildningar-och-projekt/nils/publikationer/faltinstruktioner/									Europe				Sweden	SE	Skåne	Skåne	Osby													56.47895	14.39074	EPSG:4326	2000				6259553.893	462473.1122		EPSG:3006																										
bcf6dadb-485e-4243-a2c0-dfeeb9befd6a											Department of Forest Resource Management, SLU	NILS					bcf6dadb-485e-4243-a2c0-dfeeb9befd6a			2003-01-01/2003-12-31		1	365	2003	1	1			https://www.slu.se/centrumbildningar-och-projekt/nils/publikationer/faltinstruktioner/									Europe				Sweden	SE	Halland	Halland	Halmstad													56.68170	13.16755	EPSG:4326	2000				6283455.093	387741.2095		EPSG:3006																										
df40dc73-dc3d-483d-ba2f-46179f9bd5a9											Department of Forest Resource Management, SLU	NILS					df40dc73-dc3d-483d-ba2f-46179f9bd5a9			2003-01-01/2003-12-31		1	365	2003	1	1			https://www.slu.se/centrumbildningar-och-projekt/nils/publikationer/faltinstruktioner/									Europe				Sweden	SE	Skåne	Skåne	Osby													56.47231	14.39910	EPSG:4326	2000				6258810.17	462981.6324		EPSG:3006																										
b074b339-bf92-405c-96b3-00f06b015ba9											Department of Forest Resource Management, SLU	NILS					b074b339-bf92-405c-96b3-00f06b015ba9			2003-01-01/2003-12-31		1	365	2003	1	1			https://www.slu.se/centrumbildningar-och-projekt/nils/publikationer/faltinstruktioner/									Europe				Sweden	SE	Blekinge	Blekinge	Karlshamn													56.26045	14.80372	EPSG:4326	2000				6235084.911	487840.6823		EPSG:3006																										
3caabc9f-6105-46ae-83fc-b56e16b7cbb2											Department of Forest Resource Management, SLU	NILS					3caabc9f-6105-46ae-83fc-b56e16b7cbb2			2003-01-01/2003-12-31		1	365	2003	1	1			https://www.slu.se/centrumbildningar-och-projekt/nils/publikationer/faltinstruktioner/									Europe				Sweden	SE	Skåne	Skåne	Hässleholm													56.24338	13.61211	EPSG:4326	2000				6234033.4	413988.1589		EPSG:3006																										
ea3597cb-ecd3-4f24-9191-be6450bebaf0											Department of Forest Resource Management, SLU	NILS					ea3597cb-ecd3-4f24-9191-be6450bebaf0			2003-01-01/2003-12-31		1	365	2003	1	1			https://www.slu.se/centrumbildningar-och-projekt/nils/publikationer/faltinstruktioner/									Europe				Sweden	SE	Skåne	Skåne	Bromölla													56.02726	14.42898	EPSG:4326	2000				6209260.649	464411.7658		EPSG:3006																										
d6597d83-b19c-4c2d-9524-3caadce00d9d											Department of Forest Resource Management, SLU	NILS					d6597d83-b19c-4c2d-9524-3caadce00d9d			2003-01-01/2003-12-31		1	365	2003	1	1			https://www.slu.se/centrumbildningar-och-projekt/nils/publikationer/faltinstruktioner/									Europe				Sweden	SE	Blekinge	Blekinge	Karlshamn													56.25378	14.81049	EPSG:4326	2000				6234341.399	488258.0705		EPSG:3006																										
771aad35-85e2-4ff9-acc6-9965433c8441											Department of Forest Resource Management, SLU	NILS					771aad35-85e2-4ff9-acc6-9965433c8441			2003-01-01/2003-12-31		1	365	2003	1	1			https://www.slu.se/centrumbildningar-och-projekt/nils/publikationer/faltinstruktioner/									Europe				Sweden	SE	Småland	Kalmar	Torsås													56.48454	16.02217	EPSG:4326	2000				6260478.306	562949.3725		EPSG:3006																										
ebba7894-302a-4810-b1cf-6b7345d1a38f											Department of Forest Resource Management, SLU	NILS					ebba7894-302a-4810-b1cf-6b7345d1a38f			2003-01-01/2003-12-31		1	365	2003	1	1			https://www.slu.se/centrumbildningar-och-projekt/nils/publikationer/faltinstruktioner/									Europe				Sweden	SE	Blekinge	Blekinge	Karlshamn													56.25830	14.81440	EPSG:4326	2000				6234844.063	488502.092		EPSG:3006																										
aabd979e-2eb5-4754-9b13-95ad2b76b5e0											Department of Forest Resource Management, SLU	NILS					aabd979e-2eb5-4754-9b13-95ad2b76b5e0			2003-01-01/2003-12-31		1	365	2003	1	1			https://www.slu.se/centrumbildningar-och-projekt/nils/publikationer/faltinstruktioner/									Europe				Sweden	SE	Skåne	Skåne	Kristianstad													55.79823	14.03765	EPSG:4326	2000				6184042.747	439668.7692		EPSG:3006																										
199f297f-0242-4458-a07d-1a2188ee456f											Department of Forest Resource Management, SLU	NILS					199f297f-0242-4458-a07d-1a2188ee456f			2003-01-01/2003-12-31		1	365	2003	1	1			https://www.slu.se/centrumbildningar-och-projekt/nils/publikationer/faltinstruktioner/									Europe				Sweden	SE	Skåne	Skåne	Osby													56.47222	14.39099	EPSG:4326	2000				6258804.306	462481.9078		EPSG:3006																										
0eb7dfc9-b7f4-4333-bc0c-23c2129a4fb7											Department of Forest Resource Management, SLU	NILS					0eb7dfc9-b7f4-4333-bc0c-23c2129a4fb7			2003-01-01/2003-12-31		1	365	2003	1	1			https://www.slu.se/centrumbildningar-och-projekt/nils/publikationer/faltinstruktioner/									Europe				Sweden	SE	Skåne	Skåne	Kristianstad													55.80266	14.03346	EPSG:4326	2000				6184539.547	439413.0967		EPSG:3006																										
38f4af07-2a59-4660-9f76-e51cf9ba2894											Department of Forest Resource Management, SLU	NILS					38f4af07-2a59-4660-9f76-e51cf9ba2894			2003-01-01/2003-12-31		1	365	2003	1	1			https://www.slu.se/centrumbildningar-och-projekt/nils/publikationer/faltinstruktioner/									Europe				Sweden	SE	Skåne	Skåne	Kristianstad													55.79599	14.03775	EPSG:4326	2000				6183792.892	439671.678		EPSG:3006																										
b92d18fa-c0fd-4e6b-8f17-59d601a54c3d											Department of Forest Resource Management, SLU	NILS					b92d18fa-c0fd-4e6b-8f17-59d601a54c3d			2003-01-01/2003-12-31		1	365	2003	1	1			https://www.slu.se/centrumbildningar-och-projekt/nils/publikationer/faltinstruktioner/									Europe				Sweden	SE	Småland	Kronoberg	Tingsryd													56.70695	15.21120	EPSG:4326	2000				6284786.07	512930.3818		EPSG:3006																										
a2fb9335-7f0d-4ca4-9560-41247e4bb307											Department of Forest Resource Management, SLU	NILS					a2fb9335-7f0d-4ca4-9560-41247e4bb307			2003-01-01/2003-12-31		1	365	2003	1	1			https://www.slu.se/centrumbildningar-och-projekt/nils/publikationer/faltinstruktioner/									Europe				Sweden	SE	Skåne	Skåne	Osby													56.47236	14.40315	EPSG:4326	2000				6258813.102	463231.4948		EPSG:3006																										
6564d2c7-4b78-4873-8a26-91415a59bcd5											Department of Forest Resource Management, SLU	NILS					6564d2c7-4b78-4873-8a26-91415a59bcd5			2003-01-01/2003-12-31		1	365	2003	1	1			https://www.slu.se/centrumbildningar-och-projekt/nils/publikationer/faltinstruktioner/									Europe				Sweden	SE	Skåne	Skåne	Osby													56.47226	14.39504	EPSG:4326	2000				6258807.238	462731.7701		EPSG:3006																										
4bdd02b2-265d-4a91-965a-6e9d08e3ea6a											Department of Forest Resource Management, SLU	NILS					4bdd02b2-265d-4a91-965a-6e9d08e3ea6a			2003-01-01/2003-12-31		1	365	2003	1	1			https://www.slu.se/centrumbildningar-och-projekt/nils/publikationer/faltinstruktioner/									Europe				Sweden	SE	Skåne	Skåne	Kristianstad													55.80255	14.02549	EPSG:4326	2000				6184533.729	438913.3876		EPSG:3006																										
1cb9a3a8-fe35-4af5-aeae-33451941cf01											Department of Forest Resource Management, SLU	NILS					1cb9a3a8-fe35-4af5-aeae-33451941cf01			2003-01-01/2003-12-31		1	365	2003	1	1			https://www.slu.se/centrumbildningar-och-projekt/nils/publikationer/faltinstruktioner/									Europe				Sweden	SE	Blekinge	Blekinge	Karlshamn													56.25381	14.81452	EPSG:4326	2000				6234344.323	488507.9406		EPSG:3006																										
29a4889e-e386-4cea-a337-79583c401121											Department of Forest Resource Management, SLU	NILS					29a4889e-e386-4cea-a337-79583c401121			2003-01-01/2003-12-31		1	365	2003	1	1			https://www.slu.se/centrumbildningar-och-projekt/nils/publikationer/faltinstruktioner/									Europe				Sweden	SE	Skåne	Skåne	Bromölla													56.03166	14.42080	EPSG:4326	2000				6209754.541	463906.2078		EPSG:3006																										
dd93d4f1-6195-44a4-ad36-7fb52c1489f6											Department of Forest Resource Management, SLU	NILS					dd93d4f1-6195-44a4-ad36-7fb52c1489f6			2003-01-01/2003-12-31		1	365	2003	1	1			https://www.slu.se/centrumbildningar-och-projekt/nils/publikationer/faltinstruktioner/									Europe				Sweden	SE	Skåne	Skåne	Hässleholm													56.24540	13.59989	EPSG:4326	2000				6234274.473	413235.6935		EPSG:3006																										
eaa9eb25-9a6d-4aa9-a070-ee57968e40d1											Department of Forest Resource Management, SLU	NILS					eaa9eb25-9a6d-4aa9-a070-ee57968e40d1			2003-01-01/2003-12-31		1	365	2003	1	1			https://www.slu.se/centrumbildningar-och-projekt/nils/publikationer/faltinstruktioner/									Europe				Sweden	SE	Skåne	Skåne	Bromölla													56.03170	14.42481	EPSG:4326	2000				6209757.458	464156.0701		EPSG:3006																										
e7ae60e0-291c-4d1a-9424-8007f5ca5a4b											Department of Forest Resource Management, SLU	NILS					e7ae60e0-291c-4d1a-9424-8007f5ca5a4b			2003-01-01/2003-12-31		1	365	2003	1	1			https://www.slu.se/centrumbildningar-och-projekt/nils/publikationer/faltinstruktioner/									Europe				Sweden	SE	Småland	Kronoberg	Tingsryd													56.70471	15.21123	EPSG:4326	2000				6284536.193	512933.3213		EPSG:3006																										
f9bad5a9-baef-4be1-86d8-738aee43f471											Department of Forest Resource Management, SLU	NILS					f9bad5a9-baef-4be1-86d8-738aee43f471			2003-01-01/2003-12-31		1	365	2003	1	1			https://www.slu.se/centrumbildningar-och-projekt/nils/publikationer/faltinstruktioner/									Europe				Sweden	SE	Blekinge	Blekinge	Karlshamn													56.26052	14.81031	EPSG:4326	2000				6235091.009	488249.2976		EPSG:3006																										
be25d5d7-2b48-41af-899a-f6d661cafaff											Department of Forest Resource Management, SLU	NILS					be25d5d7-2b48-41af-899a-f6d661cafaff			2003-01-01/2003-12-31		1	365	2003	1	1			https://www.slu.se/centrumbildningar-och-projekt/nils/publikationer/faltinstruktioner/									Europe				Sweden	SE	Skåne	Skåne	Hässleholm													56.24092	13.60015	EPSG:4326	2000				6233774.78	413241.5422		EPSG:3006																										
09d97da5-c324-40a3-bab3-d4cea0eca71e											Department of Forest Resource Management, SLU	NILS					09d97da5-c324-40a3-bab3-d4cea0eca71e			2003-01-01/2003-12-31		1	365	2003	1	1			https://www.slu.se/centrumbildningar-och-projekt/nils/publikationer/faltinstruktioner/									Europe				Sweden	SE	Småland	Kronoberg	Älmhult													56.47900	14.39479	EPSG:4326	2000				6259556.825	462722.9744		EPSG:3006																										
e9b9606d-511f-433d-93e4-d3d41e95e2f9											Department of Forest Resource Management, SLU	NILS					e9b9606d-511f-433d-93e4-d3d41e95e2f9			2003-01-01/2003-12-31		1	365	2003	1	1			https://www.slu.se/centrumbildningar-och-projekt/nils/publikationer/faltinstruktioner/									Europe				Sweden	SE	Skåne	Skåne	Hässleholm													56.24316	13.60002	EPSG:4326	2000				6234024.627	413238.6179		EPSG:3006																										
eea99fe1-a3fd-42ca-955c-1c64aaa03469											Department of Forest Resource Management, SLU	NILS					eea99fe1-a3fd-42ca-955c-1c64aaa03469			2003-01-01/2003-12-31		1	365	2003	1	1			https://www.slu.se/centrumbildningar-och-projekt/nils/publikationer/faltinstruktioner/									Europe				Sweden	SE	Halland	Halland	Halmstad													56.67497	13.16802	EPSG:4326	2000				6282705.575	387750.0284		EPSG:3006																										
26ad2a14-c3ae-4852-8603-edd27bdff735											Department of Forest Resource Management, SLU	NILS					26ad2a14-c3ae-4852-8603-edd27bdff735			2003-01-01/2003-12-31		1	365	2003	1	1			https://www.slu.se/centrumbildningar-och-projekt/nils/publikationer/faltinstruktioner/									Europe				Sweden	SE	Småland	Kronoberg	Tingsryd													56.71138	15.19888	EPSG:4326	2000				6285277.006	512174.8703		EPSG:3006																										
5694ec23-44a6-4ad2-8027-2a2267e246b1											Department of Forest Resource Management, SLU	NILS					5694ec23-44a6-4ad2-8027-2a2267e246b1			2003-01-01/2003-12-31		1	365	2003	1	1			https://www.slu.se/centrumbildningar-och-projekt/nils/publikationer/faltinstruktioner/									Europe				Sweden	SE	Skåne	Skåne	Hässleholm													56.24548	13.60392	EPSG:4326	2000				6234277.398	413485.5404		EPSG:3006																										
7b662b93-042c-4f33-9544-916d5b843205											Department of Forest Resource Management, SLU	NILS					7b662b93-042c-4f33-9544-916d5b843205			2003-01-01/2003-12-31		1	365	2003	1	1			https://www.slu.se/centrumbildningar-och-projekt/nils/publikationer/faltinstruktioner/									Europe				Sweden	SE	Småland	Kalmar	Torsås													56.48454	16.02623	EPSG:4326	2000				6260481.238	563199.2652		EPSG:3006																										
7f5d701a-ee9e-4787-9a7b-d481dbd710bc											Department of Forest Resource Management, SLU	NILS					7f5d701a-ee9e-4787-9a7b-d481dbd710bc			2003-01-01/2003-12-31		1	365	2003	1	1			https://www.slu.se/centrumbildningar-och-projekt/nils/publikationer/faltinstruktioner/									Europe				Sweden	SE	Blekinge	Blekinge	Karlshamn													56.26045	14.80225	EPSG:4326	2000				6235085.16	487749.5577		EPSG:3006																										
b698579c-9131-425a-aeed-f58ddca061d4											Department of Forest Resource Management, SLU	NILS					b698579c-9131-425a-aeed-f58ddca061d4			2003-01-01/2003-12-31		1	365	2003	1	1			https://www.slu.se/centrumbildningar-och-projekt/nils/publikationer/faltinstruktioner/									Europe				Sweden	SE	Småland	Kalmar	Torsås													56.48006	16.01809	EPSG:4326	2000				6259975.588	562705.3445		EPSG:3006																										
c21df593-d93f-414e-b682-f01fca6e9268											Department of Forest Resource Management, SLU	NILS					c21df593-d93f-414e-b682-f01fca6e9268			2003-01-01/2003-12-31		1	365	2003	1	1			https://www.slu.se/centrumbildningar-och-projekt/nils/publikationer/faltinstruktioner/									Europe				Sweden	SE	Skåne	Skåne	Kristianstad													55.79587	14.02978	EPSG:4326	2000				6183787.075	439171.9687		EPSG:3006																										
b2a9a64b-67de-421e-848d-a61f50c86bb4											Department of Forest Resource Management, SLU	NILS					b2a9a64b-67de-421e-848d-a61f50c86bb4			2003-01-01/2003-12-31		1	365	2003	1	1			https://www.slu.se/centrumbildningar-och-projekt/nils/publikationer/faltinstruktioner/									Europe				Sweden	SE	Blekinge	Blekinge	Karlshamn													56.25821	14.80230	EPSG:4326	2000				6234835.29	487752.4821		EPSG:3006																										
fd09f639-da0e-4f28-b359-33dd01af01f0											Department of Forest Resource Management, SLU	NILS					fd09f639-da0e-4f28-b359-33dd01af01f0			2003-01-01/2003-12-31		1	365	2003	1	1			https://www.slu.se/centrumbildningar-och-projekt/nils/publikationer/faltinstruktioner/									Europe				Sweden	SE	Blekinge	Blekinge	Karlshamn													56.25606	14.81446	EPSG:4326	2000				6234594.193	488505.0163		EPSG:3006																										
6da9ecfc-5d27-4aa4-848e-9a4615380c99											Department of Forest Resource Management, SLU	NILS					6da9ecfc-5d27-4aa4-848e-9a4615380c99			2003-01-01/2003-12-31		1	365	2003	1	1			https://www.slu.se/centrumbildningar-och-projekt/nils/publikationer/faltinstruktioner/									Europe				Sweden	SE	Skåne	Skåne	Osby													56.47460	14.40307	EPSG:4326	2000				6259062.964	463228.563		EPSG:3006																										
39785a2f-a1e3-4dee-9ea8-26d5675dd906											Department of Forest Resource Management, SLU	NILS					39785a2f-a1e3-4dee-9ea8-26d5675dd906			2003-01-01/2003-12-31		1	365	2003	1	1			https://www.slu.se/centrumbildningar-och-projekt/nils/publikationer/faltinstruktioner/									Europe				Sweden	SE	Halland	Halland	Halmstad													56.67713	13.16378	EPSG:4326	2000				6282952.475	387497.2493		EPSG:3006																										
875da0fb-c3fc-473e-8a85-c7d4e9fd6833											Department of Forest Resource Management, SLU	NILS					875da0fb-c3fc-473e-8a85-c7d4e9fd6833			2003-01-01/2003-12-31		1	365	2003	1	1			https://www.slu.se/centrumbildningar-och-projekt/nils/publikationer/faltinstruktioner/									Europe				Sweden	SE	Småland	Kalmar	Torsås													56.47779	16.03025	EPSG:4326	2000				6259734.492	563457.955		EPSG:3006																										
042b5fac-a466-411b-b0c5-fa9abab3789d											Department of Forest Resource Management, SLU	NILS					042b5fac-a466-411b-b0c5-fa9abab3789d			2003-01-01/2003-12-31		1	365	2003	1	1			https://www.slu.se/centrumbildningar-och-projekt/nils/publikationer/faltinstruktioner/									Europe				Sweden	SE	Skåne	Skåne	Kristianstad													55.79593	14.03376	EPSG:4326	2000				6183789.983	439421.8233		EPSG:3006																										
8cb50388-d9d8-4071-8b7b-cf9abf4b527e											Department of Forest Resource Management, SLU	NILS					8cb50388-d9d8-4071-8b7b-cf9abf4b527e			2003-01-01/2003-12-31		1	365	2003	1	1			https://www.slu.se/centrumbildningar-och-projekt/nils/publikationer/faltinstruktioner/									Europe				Sweden	SE	Halland	Halland	Halmstad													56.68187	13.17569	EPSG:4326	2000				6283460.973	388240.8888		EPSG:3006																										
95e4f0ba-23d5-40d0-b3d3-3fbc6c9b6c83											Department of Forest Resource Management, SLU	NILS					95e4f0ba-23d5-40d0-b3d3-3fbc6c9b6c83			2003-01-01/2003-12-31		1	365	2003	1	1			https://www.slu.se/centrumbildningar-och-projekt/nils/publikationer/faltinstruktioner/									Europe				Sweden	SE	Skåne	Skåne	Kristianstad													56.02493	14.42104	EPSG:4326	2000				6209004.954	463914.9575		EPSG:3006																										
2561d4ec-db76-4fd9-b32d-4bc2baea79af											Department of Forest Resource Management, SLU	NILS					2561d4ec-db76-4fd9-b32d-4bc2baea79af			2003-01-01/2003-12-31		1	365	2003	1	1			https://www.slu.se/centrumbildningar-och-projekt/nils/publikationer/faltinstruktioner/									Europe				Sweden	SE	Småland	Kronoberg	Älmhult													56.47684	14.40299	EPSG:4326	2000				6259312.826	463225.6311		EPSG:3006																										
23324f5b-84c8-42b0-9265-0f4ac98c351d											Department of Forest Resource Management, SLU	NILS					23324f5b-84c8-42b0-9265-0f4ac98c351d			2003-01-01/2003-12-31		1	365	2003	1	1			https://www.slu.se/centrumbildningar-och-projekt/nils/publikationer/faltinstruktioner/									Europe				Sweden	SE	Halland	Halland	Halmstad													56.67963	13.17585	EPSG:4326	2000				6283211.133	388243.8285		EPSG:3006																										
9f338abe-e027-4758-963a-2b9c198e015f											Department of Forest Resource Management, SLU	NILS					9f338abe-e027-4758-963a-2b9c198e015f			2003-01-01/2003-12-31		1	365	2003	1	1			https://www.slu.se/centrumbildningar-och-projekt/nils/publikationer/faltinstruktioner/									Europe				Sweden	SE	Småland	Kalmar	Torsås													56.48455	16.01811	EPSG:4326	2000				6260475.374	562699.4798		EPSG:3006																										
91e3190a-f7f7-49b1-b3ab-9ef531768f54											Department of Forest Resource Management, SLU	NILS					91e3190a-f7f7-49b1-b3ab-9ef531768f54			2003-01-01/2003-12-31		1	365	2003	1	1			https://www.slu.se/centrumbildningar-och-projekt/nils/publikationer/faltinstruktioner/									Europe				Sweden	SE	Halland	Halland	Halmstad													56.67488	13.16394	EPSG:4326	2000				6282702.635	387500.1888		EPSG:3006																										
3b04ff16-59db-4b39-b34e-e43c7c2b52f4											Department of Forest Resource Management, SLU	NILS					3b04ff16-59db-4b39-b34e-e43c7c2b52f4			2003-01-01/2003-12-31		1	365	2003	1	1			https://www.slu.se/centrumbildningar-och-projekt/nils/publikationer/faltinstruktioner/									Europe				Sweden	SE	Småland	Kalmar	Torsås													56.48231	16.01810	EPSG:4326	2000				6260225.481	562702.4122		EPSG:3006																										
048080e5-f00c-4273-8784-29180196907b											Department of Forest Resource Management, SLU	NILS					048080e5-f00c-4273-8784-29180196907b			2003-01-01/2003-12-31		1	365	2003	1	1			https://www.slu.se/centrumbildningar-och-projekt/nils/publikationer/faltinstruktioner/									Europe				Sweden	SE	Skåne	Skåne	Hässleholm													56.23882	13.60834	EPSG:4326	2000				6233530.781	413744.1603		EPSG:3006																										
2d079dee-8b78-47db-9283-e2c4f965ee0c											Department of Forest Resource Management, SLU	NILS					2d079dee-8b78-47db-9283-e2c4f965ee0c			2003-01-01/2003-12-31		1	365	2003	1	1			https://www.slu.se/centrumbildningar-och-projekt/nils/publikationer/faltinstruktioner/									Europe				Sweden	SE	Småland	Kalmar	Torsås													56.47780	16.02619	EPSG:4326	2000				6259731.56	563208.0622		EPSG:3006																										
4d1c3ce2-d0c2-40d7-bca9-9810f1151162											Department of Forest Resource Management, SLU	NILS					4d1c3ce2-d0c2-40d7-bca9-9810f1151162			2003-01-01/2003-12-31		1	365	2003	1	1			https://www.slu.se/centrumbildningar-och-projekt/nils/publikationer/faltinstruktioner/									Europe				Sweden	SE	Skåne	Skåne	Bromölla													56.02497	14.42505	EPSG:4326	2000				6209007.871	464164.8198		EPSG:3006																										
2c46a0a8-1077-4d0e-8b03-b839d56b6d1b											Department of Forest Resource Management, SLU	NILS					2c46a0a8-1077-4d0e-8b03-b839d56b6d1b			2003-01-01/2003-12-31		1	365	2003	1	1			https://www.slu.se/centrumbildningar-och-projekt/nils/publikationer/faltinstruktioner/									Europe				Sweden	SE	Skåne	Skåne	Hässleholm													56.24555	13.60795	EPSG:4326	2000				6234280.322	413735.3874		EPSG:3006																										
86fbe2fb-06f7-427e-8d34-1161bf7addfb											Department of Forest Resource Management, SLU	NILS					86fbe2fb-06f7-427e-8d34-1161bf7addfb			2003-01-01/2003-12-31		1	365	2003	1	1			https://www.slu.se/centrumbildningar-och-projekt/nils/publikationer/faltinstruktioner/									Europe				Sweden	SE	Småland	Kronoberg	Älmhult													56.47909	14.40290	EPSG:4326	2000				6259562.689	463222.6991		EPSG:3006																										
1f31eb73-c614-4751-98f6-a5b900d1c169											Department of Forest Resource Management, SLU	NILS					1f31eb73-c614-4751-98f6-a5b900d1c169			2003-01-01/2003-12-31		1	365	2003	1	1			https://www.slu.se/centrumbildningar-och-projekt/nils/publikationer/faltinstruktioner/									Europe				Sweden	SE	Halland	Halland	Halmstad													56.67506	13.17209	EPSG:4326	2000				6282708.514	387999.8679		EPSG:3006																										
80253621-74a5-472f-91cd-2735a4358029											Department of Forest Resource Management, SLU	NILS					80253621-74a5-472f-91cd-2735a4358029			2003-01-01/2003-12-31		1	365	2003	1	1			https://www.slu.se/centrumbildningar-och-projekt/nils/publikationer/faltinstruktioner/									Europe				Sweden	SE	Småland	Kalmar	Torsås													56.47782	16.01808	EPSG:4326	2000				6259725.696	562708.2768		EPSG:3006																										
251ed3ce-7cb7-4c64-8e91-b01ce66b3fad											Department of Forest Resource Management, SLU	NILS					251ed3ce-7cb7-4c64-8e91-b01ce66b3fad			2003-01-01/2003-12-31		1	365	2003	1	1			https://www.slu.se/centrumbildningar-och-projekt/nils/publikationer/faltinstruktioner/									Europe				Sweden	SE	Halland	Halland	Halmstad													56.67589	13.16389	EPSG:4326	2000				6282814.791	387499.745		EPSG:3006																										
cfd01b87-83a8-422f-b582-8185dd6052e7											Department of Forest Resource Management, SLU	NILS					cfd01b87-83a8-422f-b582-8185dd6052e7			2003-01-01/2003-12-31		1	365	2003	1	1			https://www.slu.se/centrumbildningar-och-projekt/nils/publikationer/faltinstruktioner/									Europe				Sweden	SE	Skåne	Skåne	Bromölla													56.02950	14.42890	EPSG:4326	2000				6209510.512	464408.8492		EPSG:3006																										
1ad75a70-2609-4774-9e11-e42079ef496a											Department of Forest Resource Management, SLU	NILS					1ad75a70-2609-4774-9e11-e42079ef496a			2003-01-01/2003-12-31		1	365	2003	1	1			https://www.slu.se/centrumbildningar-och-projekt/nils/publikationer/faltinstruktioner/									Europe				Sweden	SE	Småland	Kalmar	Torsås													56.48004	16.03026	EPSG:4326	2000				6259984.385	563455.0227		EPSG:3006																										
bad132d7-95ae-4532-aa89-f9e92f541d98											Department of Forest Resource Management, SLU	NILS					bad132d7-95ae-4532-aa89-f9e92f541d98			2003-01-01/2003-12-31		1	365	2003	1	1			https://www.slu.se/centrumbildningar-och-projekt/nils/publikationer/faltinstruktioner/									Europe				Sweden	SE	Småland	Kalmar	Torsås													56.48228	16.03027	EPSG:4326	2000				6260234.278	563452.0904		EPSG:3006																										
0fdf9eeb-ff99-41ab-ade8-6dfc3364ba7e											Department of Forest Resource Management, SLU	NILS					0fdf9eeb-ff99-41ab-ade8-6dfc3364ba7e			2003-01-01/2003-12-31		1	365	2003	1	1			https://www.slu.se/centrumbildningar-och-projekt/nils/publikationer/faltinstruktioner/									Europe				Sweden	SE	Småland	Kronoberg	Alvesta													56.92012	14.38219	EPSG:4326	2000				6308663.853	462389.1226		EPSG:3006																										
9a3da47b-d074-42b4-ac80-0172f1f5c854											Department of Forest Resource Management, SLU	NILS					9a3da47b-d074-42b4-ac80-0172f1f5c854			2003-01-01/2003-12-31		1	365	2003	1	1			https://www.slu.se/centrumbildningar-och-projekt/nils/publikationer/faltinstruktioner/									Europe				Sweden	SE	Skåne	Skåne	Kristianstad													55.79581	14.02580	EPSG:4326	2000				6183784.166	438922.1141		EPSG:3006																										
5526ee53-7d55-4870-b52d-afeab43f87c5											Department of Forest Resource Management, SLU	NILS					5526ee53-7d55-4870-b52d-afeab43f87c5			2003-01-01/2003-12-31		1	365	2003	1	1			https://www.slu.se/centrumbildningar-och-projekt/nils/publikationer/faltinstruktioner/									Europe				Sweden	SE	Småland	Kronoberg	Alvesta													56.92685	14.38312	EPSG:4326	2000				6309412.973	462452.7436		EPSG:3006																										
1bf586ac-80ec-4d68-9025-0208096d9c39											Department of Forest Resource Management, SLU	NILS					1bf586ac-80ec-4d68-9025-0208096d9c39			2007-01-01/2007-12-31		1	365	2007	1	1			https://www.slu.se/centrumbildningar-och-projekt/nils/publikationer/faltinstruktioner/									Europe				Sweden	SE	Uppland	Uppsala	Håbo													59.61380	17.38401	EPSG:4326	2000				6610816.207	634502.2559		EPSG:3006																										
68c3991a-a3d8-473d-9e00-2bc1cf7f77db											Department of Forest Resource Management, SLU	NILS					68c3991a-a3d8-473d-9e00-2bc1cf7f77db			2007-01-01/2007-12-31		1	365	2007	1	1			https://www.slu.se/centrumbildningar-och-projekt/nils/publikationer/faltinstruktioner/									Europe				Sweden	SE	Värmland	Värmland	Forshaga													59.60445	13.39943	EPSG:4326	2000				6608449.573	409666.2405		EPSG:3006																										
bc45face-fb7b-4669-8ca9-51b67b5ce546											Department of Forest Resource Management, SLU	NILS					bc45face-fb7b-4669-8ca9-51b67b5ce546			2007-01-01/2007-12-31		1	365	2007	1	1			https://www.slu.se/centrumbildningar-och-projekt/nils/publikationer/faltinstruktioner/									Europe				Sweden	SE	Uppland	Uppsala	Håbo													59.61604	17.38411	EPSG:4326	2000				6611066.118	634499.2207		EPSG:3006																										
a224d2f7-4149-4611-bbbd-2c317e9382e7											Department of Forest Resource Management, SLU	NILS					a224d2f7-4149-4611-bbbd-2c317e9382e7			2007-01-01/2007-12-31		1	365	2007	1	1			https://www.slu.se/centrumbildningar-och-projekt/nils/publikationer/faltinstruktioner/									Europe				Sweden	SE	Västmanland	Örebro	Lindesberg													59.63079	15.15270	EPSG:4326	2000				6610304.621	508611.8162		EPSG:3006																										
bf2f07b1-263d-4ed4-89a3-81222b7136c5											Department of Forest Resource Management, SLU	NILS					bf2f07b1-263d-4ed4-89a3-81222b7136c5			2007-01-01/2007-12-31		1	365	2007	1	1			https://www.slu.se/centrumbildningar-och-projekt/nils/publikationer/faltinstruktioner/									Europe				Sweden	SE	Uppland	Uppsala	Håbo													59.61155	17.38390	EPSG:4326	2000				6610566.296	634505.2909		EPSG:3006																										
c9733b5a-9f79-4f28-a237-36460f77e401											Department of Forest Resource Management, SLU	NILS					c9733b5a-9f79-4f28-a237-36460f77e401			2007-01-01/2007-12-31		1	365	2007	1	1			https://www.slu.se/centrumbildningar-och-projekt/nils/publikationer/faltinstruktioner/									Europe				Sweden	SE	Värmland	Värmland	Forshaga													59.60645	13.38600	EPSG:4326	2000				6608690.319	408913.6619		EPSG:3006																										
8994d1aa-ced4-4df4-9efb-3f4966357f71											Department of Forest Resource Management, SLU	NILS					8994d1aa-ced4-4df4-9efb-3f4966357f71			2007-01-01/2007-12-31		1	365	2007	1	1			https://www.slu.se/centrumbildningar-och-projekt/nils/publikationer/faltinstruktioner/									Europe				Sweden	SE	Västmanland	Örebro	Lindesberg													59.63077	15.14827	EPSG:4326	2000				6610301.587	508361.9402		EPSG:3006																										
4369c270-0212-4714-9ac9-e7b2e4086802											Department of Forest Resource Management, SLU	NILS					4369c270-0212-4714-9ac9-e7b2e4086802			2007-01-01/2007-12-31		1	365	2007	1	1			https://www.slu.se/centrumbildningar-och-projekt/nils/publikationer/faltinstruktioner/									Europe				Sweden	SE	Värmland	Värmland	Forshaga													59.60661	13.39485	EPSG:4326	2000				6608696.387	409413.3582		EPSG:3006																										
dc48c344-ce7f-4700-8364-a74aa4afcce3											Department of Forest Resource Management, SLU	NILS					dc48c344-ce7f-4700-8364-a74aa4afcce3			2007-01-01/2007-12-31		1	365	2007	1	1			https://www.slu.se/centrumbildningar-och-projekt/nils/publikationer/faltinstruktioner/									Europe				Sweden	SE	Västmanland	Örebro	Lindesberg													59.62404	15.14840	EPSG:4326	2000				6609551.959	508371.0423		EPSG:3006																										
7d49f6a6-ffc7-4d4e-b05d-468846496741											Department of Forest Resource Management, SLU	NILS					7d49f6a6-ffc7-4d4e-b05d-468846496741			2007-01-01/2007-12-31		1	365	2007	1	1			https://www.slu.se/centrumbildningar-och-projekt/nils/publikationer/faltinstruktioner/									Europe				Sweden	SE	Värmland	Värmland	Hagfors													59.83420	13.81587	EPSG:4326	2000				6633539.439	433623.9634		EPSG:3006																										
2b685f6e-00b8-40fa-994d-b91c9f6bb88a											Department of Forest Resource Management, SLU	NILS					2b685f6e-00b8-40fa-994d-b91c9f6bb88a			2007-01-01/2007-12-31		1	365	2007	1	1			https://www.slu.se/centrumbildningar-och-projekt/nils/publikationer/faltinstruktioner/									Europe				Sweden	SE	Värmland	Värmland	Hagfors													59.83202	13.82046	EPSG:4326	2000				6633292.624	433876.8594		EPSG:3006																										
8284152e-9ab0-479b-ac38-9438d3ea73d6											Department of Forest Resource Management, SLU	NILS					8284152e-9ab0-479b-ac38-9438d3ea73d6			2007-01-01/2007-12-31		1	365	2007	1	1			https://www.slu.se/centrumbildningar-och-projekt/nils/publikationer/faltinstruktioner/									Europe				Sweden	SE	Västmanland	Örebro	Lindesberg													59.63084	15.16156	EPSG:4326	2000				6610310.689	509111.5684		EPSG:3006																										
7199e914-a154-44f0-8f63-6d2e89535f11											Department of Forest Resource Management, SLU	NILS					7199e914-a154-44f0-8f63-6d2e89535f11			2007-01-01/2007-12-31		1	365	2007	1	1			https://www.slu.se/centrumbildningar-och-projekt/nils/publikationer/faltinstruktioner/									Europe				Sweden	SE	Värmland	Värmland	Hagfors													59.83216	13.82937	EPSG:4326	2000				6633298.706	434376.5698		EPSG:3006																										
5e01e56d-fadb-44ba-928d-4e7f2ab7f03a											Department of Forest Resource Management, SLU	NILS					5e01e56d-fadb-44ba-928d-4e7f2ab7f03a			2007-01-01/2007-12-31		1	365	2007	1	1			https://www.slu.se/centrumbildningar-och-projekt/nils/publikationer/faltinstruktioner/									Europe				Sweden	SE	Värmland	Värmland	Hagfors													59.83440	13.82923	EPSG:4326	2000				6633548.561	434373.529		EPSG:3006																										
c6fc4025-9140-438e-aec8-f8e5b40c71aa											Department of Forest Resource Management, SLU	NILS					c6fc4025-9140-438e-aec8-f8e5b40c71aa			2007-01-01/2007-12-31		1	365	2007	1	1			https://www.slu.se/centrumbildningar-och-projekt/nils/publikationer/faltinstruktioner/									Europe				Sweden	SE	Uppland	Uppsala	Enköping													59.61828	17.38422	EPSG:4326	2000				6611316.029	634496.1856		EPSG:3006																										
1af1f641-622b-47a0-97c6-20408073e148											Department of Forest Resource Management, SLU	NILS					1af1f641-622b-47a0-97c6-20408073e148			2007-01-01/2007-12-31		1	365	2007	1	1			https://www.slu.se/centrumbildningar-och-projekt/nils/publikationer/faltinstruktioner/									Europe				Sweden	SE	Värmland	Värmland	Hagfors													59.83644	13.81573	EPSG:4326	2000				6633789.294	433620.9225		EPSG:3006																										
4e662c95-0f63-407d-b6c1-03e3d15b50af											Department of Forest Resource Management, SLU	NILS					4e662c95-0f63-407d-b6c1-03e3d15b50af			2007-01-01/2007-12-31		1	365	2007	1	1			https://www.slu.se/centrumbildningar-och-projekt/nils/publikationer/faltinstruktioner/									Europe				Sweden	SE	Uppland	Uppsala	Enköping													59.61490	17.37078	EPSG:4326	2000				6610912.872	633751.7963		EPSG:3006																										
e74a812a-7441-4f28-b976-a5fae42ca6bd											Department of Forest Resource Management, SLU	NILS					e74a812a-7441-4f28-b976-a5fae42ca6bd			2007-01-01/2007-12-31		1	365	2007	1	1			https://www.slu.se/centrumbildningar-och-projekt/nils/publikationer/faltinstruktioner/									Europe				Sweden	SE	Uppland	Uppsala	Enköping													59.61171	17.37062	EPSG:4326	2000				6610557.191	633755.5583		EPSG:3006																										
f03ae2d5-b510-4e13-af22-e411e4992ec1											Department of Forest Resource Management, SLU	NILS					f03ae2d5-b510-4e13-af22-e411e4992ec1			2007-01-01/2007-12-31		1	365	2007	1	1			https://www.slu.se/centrumbildningar-och-projekt/nils/publikationer/faltinstruktioner/									Europe				Sweden	SE	Västmanland	Örebro	Lindesberg													59.62635	15.16164	EPSG:4326	2000				6609810.937	509117.6365		EPSG:3006																										
b61a1e1b-afea-4af2-826d-eea6246a65ab											Department of Forest Resource Management, SLU	NILS					b61a1e1b-afea-4af2-826d-eea6246a65ab			2007-01-01/2007-12-31		1	365	2007	1	1			https://www.slu.se/centrumbildningar-och-projekt/nils/publikationer/faltinstruktioner/									Europe				Sweden	SE	Värmland	Värmland	Forshaga													59.60669	13.39927	EPSG:4326	2000				6608699.421	409663.2064		EPSG:3006																										
d6d46c8a-82e3-4cd7-9f3a-e438c30166f7											Department of Forest Resource Management, SLU	NILS					d6d46c8a-82e3-4cd7-9f3a-e438c30166f7			2007-01-01/2007-12-31		1	365	2007	1	1			https://www.slu.se/centrumbildningar-och-projekt/nils/publikationer/faltinstruktioner/									Europe				Sweden	SE	Värmland	Värmland	Forshaga													59.59997	13.39975	EPSG:4326	2000				6607949.876	409672.3084		EPSG:3006																										
9f1437c3-ba8e-4f55-a3fa-b5981419af55											Department of Forest Resource Management, SLU	NILS					9f1437c3-ba8e-4f55-a3fa-b5981419af55			2007-01-01/2007-12-31		1	365	2007	1	1			https://www.slu.se/centrumbildningar-och-projekt/nils/publikationer/faltinstruktioner/									Europe				Sweden	SE	Värmland	Värmland	Forshaga													59.59980	13.39091	EPSG:4326	2000				6607943.808	409172.612		EPSG:3006																										
27d8f2d6-3170-4bb4-9125-be0f8e7f13d3											Department of Forest Resource Management, SLU	NILS					27d8f2d6-3170-4bb4-9125-be0f8e7f13d3			2007-01-01/2007-12-31		1	365	2007	1	1			https://www.slu.se/centrumbildningar-och-projekt/nils/publikationer/faltinstruktioner/									Europe				Sweden	SE	Uppland	Uppsala	Enköping													59.61166	17.37505	EPSG:4326	2000				6610560.226	634005.4691		EPSG:3006																										
2022321a-de99-422c-af3f-cb5b22ea7aa0											Department of Forest Resource Management, SLU	NILS					2022321a-de99-422c-af3f-cb5b22ea7aa0			2007-01-01/2007-12-31		1	365	2007	1	1			https://www.slu.se/centrumbildningar-och-projekt/nils/publikationer/faltinstruktioner/									Europe				Sweden	SE	Uppland	Uppsala	Enköping													59.61844	17.37093	EPSG:4326	2000				6611306.923	633746.453		EPSG:3006																										
44c50d8c-0f3f-4c3d-bf03-bac7287425b7											Department of Forest Resource Management, SLU	NILS					44c50d8c-0f3f-4c3d-bf03-bac7287425b7			2007-01-01/2007-12-31		1	365	2007	1	1			https://www.slu.se/centrumbildningar-och-projekt/nils/publikationer/faltinstruktioner/									Europe				Sweden	SE	Västmanland	Örebro	Lindesberg													59.62406	15.15283	EPSG:4326	2000				6609554.993	508620.9183		EPSG:3006																										
09468f15-f9e8-4e16-a3b1-c05a7a3f1364											Department of Forest Resource Management, SLU	NILS					09468f15-f9e8-4e16-a3b1-c05a7a3f1364			2007-01-01/2007-12-31		1	365	2007	1	1			https://www.slu.se/centrumbildningar-och-projekt/nils/publikationer/faltinstruktioner/									Europe				Sweden	SE	Västmanland	Örebro	Lindesberg													59.62411	15.16169	EPSG:4326	2000				6609561.061	509120.6705		EPSG:3006																										
eb7ceccd-4060-43c2-bf18-ad1db5e9ff1b											Department of Forest Resource Management, SLU	NILS					eb7ceccd-4060-43c2-bf18-ad1db5e9ff1b			2007-01-01/2007-12-31		1	365	2007	1	1			https://www.slu.se/centrumbildningar-och-projekt/nils/publikationer/faltinstruktioner/									Europe				Sweden	SE	Västmanland	Örebro	Lindesberg													59.62853	15.14831	EPSG:4326	2000				6610051.711	508364.9743		EPSG:3006																										
0ca2c631-3ff5-4183-a6c6-be10bf4d5393											Department of Forest Resource Management, SLU	NILS					0ca2c631-3ff5-4183-a6c6-be10bf4d5393			2007-01-01/2007-12-31		1	365	2007	1	1			https://www.slu.se/centrumbildningar-och-projekt/nils/publikationer/faltinstruktioner/									Europe				Sweden	SE	Värmland	Värmland	Forshaga													59.60653	13.39042	EPSG:4326	2000				6608693.353	409163.51		EPSG:3006																										
96612150-8f93-4e39-8939-159b3f42b5e4											Department of Forest Resource Management, SLU	NILS					96612150-8f93-4e39-8939-159b3f42b5e4			2007-01-01/2007-12-31		1	365	2007	1	1			https://www.slu.se/centrumbildningar-och-projekt/nils/publikationer/faltinstruktioner/									Europe				Sweden	SE	Uppland	Uppsala	Enköping													59.61620	17.37083	EPSG:4326	2000				6611057.012	633749.4882		EPSG:3006																										
84f5833d-bd68-4938-8004-b7b0e08b9f69											Department of Forest Resource Management, SLU	NILS					84f5833d-bd68-4938-8004-b7b0e08b9f69			2007-01-01/2007-12-31		1	365	2007	1	1			https://www.slu.se/centrumbildningar-och-projekt/nils/publikationer/faltinstruktioner/									Europe				Sweden	SE	Värmland	Värmland	Hagfors													59.83209	13.82491	EPSG:4326	2000				6633295.665	434126.7146		EPSG:3006																										
d86dfea4-55a7-476d-8f5c-21196737a928											Department of Forest Resource Management, SLU	NILS					d86dfea4-55a7-476d-8f5c-21196737a928			2007-01-01/2007-12-31		1	365	2007	1	1			https://www.slu.se/centrumbildningar-och-projekt/nils/publikationer/faltinstruktioner/									Europe				Sweden	SE	Västmanland	Örebro	Lindesberg													59.63082	15.15713	EPSG:4326	2000				6610307.655	508861.6923		EPSG:3006																										
5fa09be4-d556-424d-af0f-4d9827470faa											Department of Forest Resource Management, SLU	NILS					5fa09be4-d556-424d-af0f-4d9827470faa			2007-01-01/2007-12-31		1	365	2007	1	1			https://www.slu.se/centrumbildningar-och-projekt/nils/publikationer/faltinstruktioner/									Europe				Sweden	SE	Värmland	Värmland	Forshaga													59.59989	13.39533	EPSG:4326	2000				6607946.842	409422.4602		EPSG:3006																										
f4849fdb-f69e-47e5-a935-55c6463f0036											Department of Forest Resource Management, SLU	NILS					f4849fdb-f69e-47e5-a935-55c6463f0036			2007-01-01/2007-12-31		1	365	2007	1	1			https://www.slu.se/centrumbildningar-och-projekt/nils/publikationer/faltinstruktioner/									Europe				Sweden	SE	Värmland	Värmland	Hagfors													59.83664	13.82910	EPSG:4326	2000				6633798.417	434370.4881		EPSG:3006																										
c1032515-55a1-4ae2-8950-2d658ed2539c											Department of Forest Resource Management, SLU	NILS					c1032515-55a1-4ae2-8950-2d658ed2539c			2007-01-01/2007-12-31		1	365	2007	1	1			https://www.slu.se/centrumbildningar-och-projekt/nils/publikationer/faltinstruktioner/									Europe				Sweden	SE	Uppland	Uppsala	Enköping													59.61834	17.37979	EPSG:4326	2000				6611312.994	634246.2747		EPSG:3006																										
1cfa872d-f342-4016-9295-0f43dc730bea											Department of Forest Resource Management, SLU	NILS					1cfa872d-f342-4016-9295-0f43dc730bea			2007-01-01/2007-12-31		1	365	2007	1	1			https://www.slu.se/centrumbildningar-och-projekt/nils/publikationer/faltinstruktioner/									Europe				Sweden	SE	Värmland	Värmland	Hagfors													59.83875	13.82006	EPSG:4326	2000				6634042.19	433867.7367		EPSG:3006																										
babcebf7-9b7d-4a6b-80a7-ce18a52beb8d											Department of Forest Resource Management, SLU	NILS					babcebf7-9b7d-4a6b-80a7-ce18a52beb8d			2007-01-01/2007-12-31		1	365	2007	1	1			https://www.slu.se/centrumbildningar-och-projekt/nils/publikationer/faltinstruktioner/									Europe				Sweden	SE	Värmland	Värmland	Hagfors													59.83196	13.81600	EPSG:4326	2000				6633289.584	433627.0042		EPSG:3006																										
202ff194-eeab-4efd-8bf8-4dc3e7d5cab7											Department of Forest Resource Management, SLU	NILS					202ff194-eeab-4efd-8bf8-4dc3e7d5cab7			2007-01-01/2007-12-31		1	365	2007	1	1			https://www.slu.se/centrumbildningar-och-projekt/nils/publikationer/faltinstruktioner/									Europe				Sweden	SE	Västmanland	Västmanland	Skinnskatteberg													59.84910	15.59755	EPSG:4326	2000				6634756.827	533481.4887		EPSG:3006																										
180b8466-24db-4952-853a-6b6caa97f9f8											Department of Forest Resource Management, SLU	NILS					180b8466-24db-4952-853a-6b6caa97f9f8			2007-01-01/2007-12-31		1	365	2007	1	1			https://www.slu.se/centrumbildningar-och-projekt/nils/publikationer/faltinstruktioner/									Europe				Sweden	SE	Västmanland	Västmanland	Skinnskatteberg													59.85359	15.59752	EPSG:4326	2000				6635256.592	533475.4066		EPSG:3006																										
d103b683-16dd-4a63-a947-b0a370871c89											Department of Forest Resource Management, SLU	NILS					d103b683-16dd-4a63-a947-b0a370871c89			2007-01-01/2007-12-31		1	365	2007	1	1			https://www.slu.se/centrumbildningar-och-projekt/nils/publikationer/faltinstruktioner/									Europe				Sweden	SE	Västmanland	Örebro	Lindesberg													59.62628	15.14835	EPSG:4326	2000				6609801.835	508368.0084		EPSG:3006																										
4f3cf2c7-20c5-4506-92f5-ff91b3c45a6a											Department of Forest Resource Management, SLU	NILS					4f3cf2c7-20c5-4506-92f5-ff91b3c45a6a			2007-01-01/2007-12-31		1	365	2007	1	1			https://www.slu.se/centrumbildningar-och-projekt/nils/publikationer/faltinstruktioner/									Europe				Sweden	SE	Värmland	Värmland	Hagfors													59.83888	13.82897	EPSG:4326	2000				6634048.272	434367.4472		EPSG:3006																										
ef74ed03-554d-4e10-877e-ee7de29dd107											Department of Forest Resource Management, SLU	NILS					ef74ed03-554d-4e10-877e-ee7de29dd107			2007-01-01/2007-12-31		1	365	2007	1	1			https://www.slu.se/centrumbildningar-och-projekt/nils/publikationer/faltinstruktioner/									Europe				Sweden	SE	Västmanland	Västmanland	Skinnskatteberg													59.85583	15.59751	EPSG:4326	2000				6635506.475	533472.3655		EPSG:3006																										
ee72546b-c1f9-42e2-aa53-05e619b0d2d3											Department of Forest Resource Management, SLU	NILS					ee72546b-c1f9-42e2-aa53-05e619b0d2d3			2007-01-01/2007-12-31		1	365	2007	1	1			https://www.slu.se/centrumbildningar-och-projekt/nils/publikationer/faltinstruktioner/									Europe				Sweden	SE	Värmland	Värmland	Hagfors													59.83868	13.81560	EPSG:4326	2000				6634039.149	433617.8816		EPSG:3006																										
ab54f371-8260-4d69-86de-f44d374973af											Department of Forest Resource Management, SLU	NILS					ab54f371-8260-4d69-86de-f44d374973af			2007-01-01/2007-12-31		1	365	2007	1	1			https://www.slu.se/centrumbildningar-och-projekt/nils/publikationer/faltinstruktioner/									Europe				Sweden	SE	Uppland	Uppsala	Enköping													59.61161	17.37948	EPSG:4326	2000				6610563.261	634255.38		EPSG:3006																										
abc6338f-1387-42f2-8943-7b5d83610d31											Department of Forest Resource Management, SLU	NILS					abc6338f-1387-42f2-8943-7b5d83610d31			2007-01-01/2007-12-31		1	365	2007	1	1			https://www.slu.se/centrumbildningar-och-projekt/nils/publikationer/faltinstruktioner/									Europe				Sweden	SE	Västmanland	Örebro	Lindesberg													59.62859	15.16160	EPSG:4326	2000				6610060.813	509114.6025		EPSG:3006																										
3169ccbb-35c1-4d0b-92fe-e8f81aedb1e4											Department of Forest Resource Management, SLU	NILS					3169ccbb-35c1-4d0b-92fe-e8f81aedb1e4			2007-01-01/2007-12-31		1	365	2007	1	1			https://www.slu.se/centrumbildningar-och-projekt/nils/publikationer/faltinstruktioner/									Europe				Sweden	SE	Värmland	Värmland	Forshaga													59.60221	13.39959	EPSG:4326	2000				6608199.724	409669.2745		EPSG:3006																										
ecb00efc-f8ed-419f-a18c-f4bda7d683ed											Department of Forest Resource Management, SLU	NILS					ecb00efc-f8ed-419f-a18c-f4bda7d683ed			2007-01-01/2007-12-31		1	365	2007	1	1			https://www.slu.se/centrumbildningar-och-projekt/nils/publikationer/faltinstruktioner/									Europe				Sweden	SE	Västmanland	Västmanland	Skinnskatteberg													59.85134	15.59754	EPSG:4326	2000				6635006.709	533478.4477		EPSG:3006																										
3148c151-d71c-43f3-9f7d-5bfab298f557											Department of Forest Resource Management, SLU	NILS					3148c151-d71c-43f3-9f7d-5bfab298f557			2007-01-01/2007-12-31		1	365	2007	1	1			https://www.slu.se/centrumbildningar-och-projekt/nils/publikationer/faltinstruktioner/									Europe				Sweden	SE	Uppland	Uppsala	Enköping													59.61839	17.37536	EPSG:4326	2000				6611309.958	633996.3638		EPSG:3006																										
9438ebfd-faa3-441a-a76c-635f1526c182											Department of Forest Resource Management, SLU	NILS					9438ebfd-faa3-441a-a76c-635f1526c182			2007-01-01/2007-12-31		1	365	2007	1	1			https://www.slu.se/centrumbildningar-och-projekt/nils/publikationer/faltinstruktioner/									Europe				Sweden	SE	Värmland	Värmland	Hagfors													59.83882	13.82451	EPSG:4326	2000				6634045.231	434117.5919		EPSG:3006																										
ff146877-c417-4166-b8bd-f5497d4dc2cb											Department of Forest Resource Management, SLU	NILS					ff146877-c417-4166-b8bd-f5497d4dc2cb			2007-01-01/2007-12-31		1	365	2007	1	1			https://www.slu.se/centrumbildningar-och-projekt/nils/publikationer/faltinstruktioner/									Europe				Sweden	SE	Uppland	Uppsala	Enköping													59.61396	17.37073	EPSG:4326	2000				6610807.102	633752.5233		EPSG:3006																										
5766637b-4031-4790-a4e9-e476ee55f680											Department of Forest Resource Management, SLU	NILS					5766637b-4031-4790-a4e9-e476ee55f680			2003-01-01/2003-12-31		1	365	2003	1	1			https://www.slu.se/centrumbildningar-och-projekt/nils/publikationer/faltinstruktioner/									Europe				Sweden	SE	Hälsingland	Gävleborg	Hudiksvall													61.86840	16.54930	EPSG:4326	2000				6860491.181	581492.2718		EPSG:3006																										
0340bd1b-4f24-4bb2-9f76-7ff883daef28											Department of Forest Resource Management, SLU	NILS					0340bd1b-4f24-4bb2-9f76-7ff883daef28			2003-01-01/2003-12-31		1	365	2003	1	1			https://www.slu.se/centrumbildningar-och-projekt/nils/publikationer/faltinstruktioner/									Europe				Sweden	SE	Medelpad	Västernorrland	Timrå													62.53058	17.51113	EPSG:4326	2000				6935801.91	629209.4302		EPSG:3006																										
cd18ce5d-47da-494b-b663-7d71cb267633											Department of Forest Resource Management, SLU	NILS					cd18ce5d-47da-494b-b663-7d71cb267633			2003-01-01/2003-12-31		1	365	2003	1	1			https://www.slu.se/centrumbildningar-och-projekt/nils/publikationer/faltinstruktioner/									Europe				Sweden	SE	Härjedalen	Jämtland	Härjedalen													62.30085	13.64457	EPSG:4326	2000				6908432.174	429711.0289		EPSG:3006																										
235cd362-83c2-4f2d-8051-65b64b046865											Department of Forest Resource Management, SLU	NILS					235cd362-83c2-4f2d-8051-65b64b046865			2003-01-01/2003-12-31		1	365	2003	1	1			https://www.slu.se/centrumbildningar-och-projekt/nils/publikationer/faltinstruktioner/									Europe				Sweden	SE	Jämtland	Jämtland	Berg													62.30974	14.61389	EPSG:4326	2000				6908745.744	479982.328		EPSG:3006																										
558b3b1c-8ae4-43b3-9d4b-edf9f294fee3											Department of Forest Resource Management, SLU	NILS					558b3b1c-8ae4-43b3-9d4b-edf9f294fee3			2003-01-01/2003-12-31		1	365	2003	1	1			https://www.slu.se/centrumbildningar-och-projekt/nils/publikationer/faltinstruktioner/									Europe				Sweden	SE	Härjedalen	Jämtland	Härjedalen													62.29644	13.64971	EPSG:4326	2000				6907935.577	429967.1128		EPSG:3006																										
12d27872-857a-49b7-a43d-681f4066a633											Department of Forest Resource Management, SLU	NILS					12d27872-857a-49b7-a43d-681f4066a633			2003-01-01/2003-12-31		1	365	2003	1	1			https://www.slu.se/centrumbildningar-och-projekt/nils/publikationer/faltinstruktioner/									Europe				Sweden	SE	Härjedalen	Jämtland	Härjedalen													62.29652	13.65452	EPSG:4326	2000				6907938.691	430216.9685		EPSG:3006																										
bf6377c7-7d63-4ed3-941f-59970b132c1f											Department of Forest Resource Management, SLU	NILS					bf6377c7-7d63-4ed3-941f-59970b132c1f			2003-01-01/2003-12-31		1	365	2003	1	1			https://www.slu.se/centrumbildningar-och-projekt/nils/publikationer/faltinstruktioner/									Europe				Sweden	SE	Härjedalen	Jämtland	Härjedalen													62.29861	13.64473	EPSG:4326	2000				6908182.318	429714.143		EPSG:3006																										
c6c19f49-66e2-467b-97b6-9a85bbf00557											Department of Forest Resource Management, SLU	NILS					c6c19f49-66e2-467b-97b6-9a85bbf00557			2003-01-01/2003-12-31		1	365	2003	1	1			https://www.slu.se/centrumbildningar-och-projekt/nils/publikationer/faltinstruktioner/									Europe				Sweden	SE	Medelpad	Västernorrland	Timrå													62.53724	17.51637	EPSG:4326	2000				6936554.751	629449.972		EPSG:3006																										
539002da-1420-4631-8972-c2920c382baf											Department of Forest Resource Management, SLU	NILS					539002da-1420-4631-8972-c2920c382baf			2003-01-01/2003-12-31		1	365	2003	1	1			https://www.slu.se/centrumbildningar-och-projekt/nils/publikationer/faltinstruktioner/									Europe				Sweden	SE	Hälsingland	Gävleborg	Hudiksvall													61.86620	16.53974	EPSG:4326	2000				6860235.083	580995.5843		EPSG:3006																										
974947fd-20bf-4990-983c-5a8138201c54											Department of Forest Resource Management, SLU	NILS					974947fd-20bf-4990-983c-5a8138201c54			2003-01-01/2003-12-31		1	365	2003	1	1			https://www.slu.se/centrumbildningar-och-projekt/nils/publikationer/faltinstruktioner/									Europe				Sweden	SE	Härjedalen	Jämtland	Härjedalen													62.30108	13.65902	EPSG:4326	2000				6908441.516	430460.5961		EPSG:3006																										
dfcfd30c-530e-4bdb-9b79-6bb1cbab45c5											Department of Forest Resource Management, SLU	NILS					dfcfd30c-530e-4bdb-9b79-6bb1cbab45c5			2003-01-01/2003-12-31		1	365	2003	1	1			https://www.slu.se/centrumbildningar-och-projekt/nils/publikationer/faltinstruktioner/									Europe				Sweden	SE	Härjedalen	Jämtland	Härjedalen													62.30332	13.65886	EPSG:4326	2000				6908691.372	430457.4819		EPSG:3006																										
e5ee5154-8e82-4edf-adf5-8c6ec4820580											Department of Forest Resource Management, SLU	NILS					e5ee5154-8e82-4edf-adf5-8c6ec4820580			2003-01-01/2003-12-31		1	365	2003	1	1			https://www.slu.se/centrumbildningar-och-projekt/nils/publikationer/faltinstruktioner/									Europe				Sweden	SE	Medelpad	Västernorrland	Timrå													62.53282	17.51126	EPSG:4326	2000				6936051.816	629206.3087		EPSG:3006																										
4f188364-ba02-4f16-8b88-b895e1ed4034											Department of Forest Resource Management, SLU	NILS					4f188364-ba02-4f16-8b88-b895e1ed4034			2003-01-01/2003-12-31		1	365	2003	1	1			https://www.slu.se/centrumbildningar-och-projekt/nils/publikationer/faltinstruktioner/									Europe				Sweden	SE	Härjedalen	Jämtland	Härjedalen													62.30750	14.61398	EPSG:4326	2000				6908495.875	479985.4421		EPSG:3006																										
996cbf8c-6b42-4a76-b9bd-215eeee213e9											Department of Forest Resource Management, SLU	NILS					996cbf8c-6b42-4a76-b9bd-215eeee213e9			2003-01-01/2003-12-31		1	365	2003	1	1			https://www.slu.se/centrumbildningar-och-projekt/nils/publikationer/faltinstruktioner/									Europe				Sweden	SE	Härjedalen	Jämtland	Härjedalen													62.30986	14.62835	EPSG:4326	2000				6908755.086	480731.9336		EPSG:3006																										
1401d636-980a-451b-be3a-1d337b47d48a											Department of Forest Resource Management, SLU	NILS					1401d636-980a-451b-be3a-1d337b47d48a			2003-01-01/2003-12-31		1	365	2003	1	1			https://www.slu.se/centrumbildningar-och-projekt/nils/publikationer/faltinstruktioner/									Europe				Sweden	SE	Härjedalen	Jämtland	Härjedalen													62.30758	14.62362	EPSG:4326	2000				6908502.103	480485.1791		EPSG:3006																										
d3506f26-f984-49aa-bb61-91baddb5b4bd											Department of Forest Resource Management, SLU	NILS					d3506f26-f984-49aa-bb61-91baddb5b4bd			2003-01-01/2003-12-31		1	365	2003	1	1			https://www.slu.se/centrumbildningar-och-projekt/nils/publikationer/faltinstruktioner/									Europe				Sweden	SE	Hälsingland	Gävleborg	Hudiksvall													61.87296	16.53515	EPSG:4326	2000				6860981.665	580736.3845		EPSG:3006																										
9e07c3e2-4c40-426a-aff3-a4584d13e635											Department of Forest Resource Management, SLU	NILS					9e07c3e2-4c40-426a-aff3-a4584d13e635			2003-01-01/2003-12-31		1	365	2003	1	1			https://www.slu.se/centrumbildningar-och-projekt/nils/publikationer/faltinstruktioner/									Europe				Sweden	SE	Medelpad	Västernorrland	Timrå													62.53730	17.51151	EPSG:4326	2000				6936551.629	629200.0655		EPSG:3006																										
b832f320-3c62-4100-8309-1305bf281e82											Department of Forest Resource Management, SLU	NILS					b832f320-3c62-4100-8309-1305bf281e82			2003-01-01/2003-12-31		1	365	2003	1	1			https://www.slu.se/centrumbildningar-och-projekt/nils/publikationer/faltinstruktioner/									Europe				Sweden	SE	Hälsingland	Gävleborg	Hudiksvall													61.86615	16.54924	EPSG:4326	2000				6860241.287	581495.3736		EPSG:3006																										
6d880ac4-ee4a-45e9-965f-a34bf7e85827											Department of Forest Resource Management, SLU	NILS					6d880ac4-ee4a-45e9-965f-a34bf7e85827			2003-01-01/2003-12-31		1	365	2003	1	1			https://www.slu.se/centrumbildningar-och-projekt/nils/publikationer/faltinstruktioner/									Europe				Sweden	SE	Härjedalen	Jämtland	Härjedalen													62.29659	13.65934	EPSG:4326	2000				6907941.805	430466.8243		EPSG:3006																										
79672d65-fa9d-45b4-859e-ca4d8fb7921d											Department of Forest Resource Management, SLU	NILS					79672d65-fa9d-45b4-859e-ca4d8fb7921d			2003-01-01/2003-12-31		1	365	2003	1	1			https://www.slu.se/centrumbildningar-och-projekt/nils/publikationer/faltinstruktioner/									Europe				Sweden	SE	Hälsingland	Gävleborg	Hudiksvall													61.86618	16.54449	EPSG:4326	2000				6860238.185	581245.4789		EPSG:3006																										
a4f50c0f-bbad-4352-9c7e-d84fef35d024											Department of Forest Resource Management, SLU	NILS					a4f50c0f-bbad-4352-9c7e-d84fef35d024			2003-01-01/2003-12-31		1	365	2003	1	1			https://www.slu.se/centrumbildningar-och-projekt/nils/publikationer/faltinstruktioner/									Europe				Sweden	SE	Jämtland	Jämtland	Berg													62.31435	14.62817	EPSG:4326	2000				6909254.823	480725.7053		EPSG:3006																										
e18511c5-9c49-4499-a8c9-e85af12bd735											Department of Forest Resource Management, SLU	NILS					e18511c5-9c49-4499-a8c9-e85af12bd735			2003-01-01/2003-12-31		1	365	2003	1	1			https://www.slu.se/centrumbildningar-och-projekt/nils/publikationer/faltinstruktioner/									Europe				Sweden	SE	Härjedalen	Jämtland	Härjedalen													62.30317	13.64922	EPSG:4326	2000				6908685.144	429957.7704		EPSG:3006																										
6dd24892-3eff-4bc1-8874-e6ff940b8085											Department of Forest Resource Management, SLU	NILS					6dd24892-3eff-4bc1-8874-e6ff940b8085			2003-01-01/2003-12-31		1	365	2003	1	1			https://www.slu.se/centrumbildningar-och-projekt/nils/publikationer/faltinstruktioner/									Europe				Sweden	SE	Jämtland	Jämtland	Berg													62.31198	14.61380	EPSG:4326	2000				6908995.612	479979.2139		EPSG:3006																										
05ec9c1e-190b-405e-b022-a1b7d9a16566											Department of Forest Resource Management, SLU	NILS					05ec9c1e-190b-405e-b022-a1b7d9a16566			2003-01-01/2003-12-31		1	365	2003	1	1			https://www.slu.se/centrumbildningar-och-projekt/nils/publikationer/faltinstruktioner/									Europe				Sweden	SE	Härjedalen	Jämtland	Härjedalen													62.29637	13.64489	EPSG:4326	2000				6907932.463	429717.2571		EPSG:3006																										
5805330c-4055-45b2-8804-1a338dda3444											Department of Forest Resource Management, SLU	NILS					5805330c-4055-45b2-8804-1a338dda3444			2003-01-01/2003-12-31		1	365	2003	1	1			https://www.slu.se/centrumbildningar-och-projekt/nils/publikationer/faltinstruktioner/									Europe				Sweden	SE	Jämtland	Jämtland	Berg													62.31422	14.61371	EPSG:4326	2000				6909245.481	479976.0997		EPSG:3006																										
6f390531-ea35-47a0-97e7-dd56add784b7											Department of Forest Resource Management, SLU	NILS					6f390531-ea35-47a0-97e7-dd56add784b7			2003-01-01/2003-12-31		1	365	2003	1	1			https://www.slu.se/centrumbildningar-och-projekt/nils/publikationer/faltinstruktioner/									Europe				Sweden	SE	Hälsingland	Gävleborg	Hudiksvall													61.87291	16.54465	EPSG:4326	2000				6860987.869	581236.1736		EPSG:3006																										
84239699-a453-4ebc-b538-84854046f989											Department of Forest Resource Management, SLU	NILS					84239699-a453-4ebc-b538-84854046f989			2003-01-01/2003-12-31		1	365	2003	1	1			https://www.slu.se/centrumbildningar-och-projekt/nils/publikationer/faltinstruktioner/									Europe				Sweden	SE	Hälsingland	Gävleborg	Hudiksvall													61.87288	16.54941	EPSG:4326	2000				6860990.971	581486.0682		EPSG:3006																										
e75be13c-2c5b-4b09-b74d-66e047f0617e											Department of Forest Resource Management, SLU	NILS					e75be13c-2c5b-4b09-b74d-66e047f0617e			2003-01-01/2003-12-31		1	365	2003	1	1			https://www.slu.se/centrumbildningar-och-projekt/nils/publikationer/faltinstruktioner/									Europe				Sweden	SE	Härjedalen	Jämtland	Härjedalen													62.31210	14.62826	EPSG:4326	2000				6909004.955	480728.8195		EPSG:3006																										
517cbfc5-81ae-4571-bb4c-4996eb177c1f											Department of Forest Resource Management, SLU	NILS					517cbfc5-81ae-4571-bb4c-4996eb177c1f			2003-01-01/2003-12-31		1	365	2003	1	1			https://www.slu.se/centrumbildningar-och-projekt/nils/publikationer/faltinstruktioner/									Europe				Sweden	SE	Härjedalen	Jämtland	Härjedalen													62.30754	14.61880	EPSG:4326	2000				6908498.989	480235.3105		EPSG:3006																										
82252671-d994-4c25-9753-167bbaa9acbe											Department of Forest Resource Management, SLU	NILS					82252671-d994-4c25-9753-167bbaa9acbe			2003-01-01/2003-12-31		1	365	2003	1	1			https://www.slu.se/centrumbildningar-och-projekt/nils/publikationer/faltinstruktioner/									Europe				Sweden	SE	Medelpad	Västernorrland	Timrå													62.53712	17.52608	EPSG:4326	2000				6936560.994	629949.7851		EPSG:3006																										
7f67c766-aaec-403b-94ad-8ef4d4046fe6											Department of Forest Resource Management, SLU	NILS					7f67c766-aaec-403b-94ad-8ef4d4046fe6			2003-01-01/2003-12-31		1	365	2003	1	1			https://www.slu.se/centrumbildningar-och-projekt/nils/publikationer/faltinstruktioner/									Europe				Sweden	SE	Hälsingland	Gävleborg	Hudiksvall													61.87293	16.53990	EPSG:4326	2000				6860984.767	580986.279		EPSG:3006																										
18a8c899-6b02-4c6e-bd6d-bea8231d40e0											Department of Forest Resource Management, SLU	NILS					18a8c899-6b02-4c6e-bd6d-bea8231d40e0			2003-01-01/2003-12-31		1	365	2003	1	1			https://www.slu.se/centrumbildningar-och-projekt/nils/publikationer/faltinstruktioner/									Europe				Sweden	SE	Jämtland	Jämtland	Berg													62.31426	14.61853	EPSG:4326	2000				6909248.595	480225.9682		EPSG:3006																										
f2c4fba3-2094-429d-80a0-fd019568d19c											Department of Forest Resource Management, SLU	NILS					f2c4fba3-2094-429d-80a0-fd019568d19c			2003-01-01/2003-12-31		1	365	2003	1	1			https://www.slu.se/centrumbildningar-och-projekt/nils/publikationer/faltinstruktioner/									Europe				Sweden	SE	Härjedalen	Jämtland	Härjedalen													62.29883	13.65918	EPSG:4326	2000				6908191.661	430463.7102		EPSG:3006																										
5fa79674-2808-4efb-9116-08e8a42d160c											Department of Forest Resource Management, SLU	NILS					5fa79674-2808-4efb-9116-08e8a42d160c			2003-01-01/2003-12-31		1	365	2003	1	1			https://www.slu.se/centrumbildningar-och-projekt/nils/publikationer/faltinstruktioner/									Europe				Sweden	SE	Härjedalen	Jämtland	Härjedalen													62.30762	14.62844	EPSG:4326	2000				6908505.217	480735.0477		EPSG:3006																										
8aac2f28-d27a-42f7-8d10-ac2385a74d41											Department of Forest Resource Management, SLU	NILS					8aac2f28-d27a-42f7-8d10-ac2385a74d41			2003-01-01/2003-12-31		1	365	2003	1	1			https://www.slu.se/centrumbildningar-och-projekt/nils/publikationer/faltinstruktioner/									Europe				Sweden	SE	Härjedalen	Jämtland	Härjedalen													62.30324	13.65404	EPSG:4326	2000				6908688.258	430207.6261		EPSG:3006																										
3c5c1aad-30fb-4962-87bc-231fb20dd6e9											Department of Forest Resource Management, SLU	NILS					3c5c1aad-30fb-4962-87bc-231fb20dd6e9			2003-01-01/2003-12-31		1	365	2003	1	1			https://www.slu.se/centrumbildningar-och-projekt/nils/publikationer/faltinstruktioner/									Europe				Sweden	SE	Hälsingland	Gävleborg	Hudiksvall													61.87064	16.54935	EPSG:4326	2000				6860741.076	581489.1701		EPSG:3006																										
ea2fa6e1-3024-494c-b027-4d877c3af26c											Department of Forest Resource Management, SLU	NILS					ea2fa6e1-3024-494c-b027-4d877c3af26c			2003-01-01/2003-12-31		1	365	2003	1	1			https://www.slu.se/centrumbildningar-och-projekt/nils/publikationer/faltinstruktioner/									Europe				Sweden	SE	Medelpad	Västernorrland	Timrå													62.53718	17.52122	EPSG:4326	2000				6936557.873	629699.8785		EPSG:3006																										
491b60ea-49fa-4b11-9740-f901bfd77448											Department of Forest Resource Management, SLU	NILS					491b60ea-49fa-4b11-9740-f901bfd77448			2003-01-01/2003-12-31		1	365	2003	1	1			https://www.slu.se/centrumbildningar-och-projekt/nils/publikationer/faltinstruktioner/									Europe				Sweden	SE	Jämtland	Jämtland	Berg													62.31431	14.62335	EPSG:4326	2000				6909251.709	480475.8367		EPSG:3006																										
f2bcd327-f967-4ce0-9634-5bc9b42d4d6a											Department of Forest Resource Management, SLU	NILS					f2bcd327-f967-4ce0-9634-5bc9b42d4d6a			2003-01-01/2003-12-31		1	365	2003	1	1			https://www.slu.se/centrumbildningar-och-projekt/nils/publikationer/faltinstruktioner/									Europe				Sweden	SE	Härjedalen	Jämtland	Härjedalen													62.30309	13.64441	EPSG:4326	2000				6908682.03	429707.9147		EPSG:3006																										
5ea61b77-b768-4203-b050-b01135443b9b											Department of Forest Resource Management, SLU	NILS					5ea61b77-b768-4203-b050-b01135443b9b			2003-01-01/2003-12-31		1	365	2003	1	1			https://www.slu.se/centrumbildningar-och-projekt/nils/publikationer/faltinstruktioner/									Europe				Sweden	SE	Medelpad	Västernorrland	Timrå													62.53506	17.51139	EPSG:4326	2000				6936301.723	629203.1871		EPSG:3006																										
7ee4f11a-310d-4138-ab0d-3d01d0ca3baf											Department of Forest Resource Management, SLU	NILS					7ee4f11a-310d-4138-ab0d-3d01d0ca3baf			2003-01-01/2003-12-31		1	365	2003	1	1			https://www.slu.se/centrumbildningar-och-projekt/nils/publikationer/faltinstruktioner/									Europe				Sweden	SE	Småland	Kalmar	Hultsfred													57.38071	15.60948	EPSG:4326	2000				6359930.624	536645.6002		EPSG:3006																										
725d0d6e-88ef-4c39-90b2-49d9aa2af13e											Department of Forest Resource Management, SLU	NILS					725d0d6e-88ef-4c39-90b2-49d9aa2af13e			2003-01-01/2003-12-31		1	365	2003	1	1			https://www.slu.se/centrumbildningar-och-projekt/nils/publikationer/faltinstruktioner/									Europe				Sweden	SE	Öland	Kalmar	Borgholm													56.92699	16.84194	EPSG:4326	2000				6310768.511	612105.4889		EPSG:3006																										
5fc4ffe8-0039-4fe1-ab99-c57c08e637ae											Department of Forest Resource Management, SLU	NILS					5fc4ffe8-0039-4fe1-ab99-c57c08e637ae			2003-01-01/2003-12-31		1	365	2003	1	1			https://www.slu.se/centrumbildningar-och-projekt/nils/publikationer/faltinstruktioner/									Europe				Sweden	SE	Halland	Halland	Varberg													57.11319	12.32102	EPSG:4326	2000				6333171.225	337776.1657		EPSG:3006																										
cd0b70ad-01d2-459b-bb4d-e527c716f519											Department of Forest Resource Management, SLU	NILS					cd0b70ad-01d2-459b-bb4d-e527c716f519			2003-01-01/2003-12-31		1	365	2003	1	1			https://www.slu.se/centrumbildningar-och-projekt/nils/publikationer/faltinstruktioner/									Europe				Sweden	SE	Småland	Jönköping	Gislaved													57.36084	13.53618	EPSG:4326	2000				6358501.015	411942.1847		EPSG:3006																										
a0411c89-7700-497d-83e5-aefd961bf9dd											Department of Forest Resource Management, SLU	NILS					a0411c89-7700-497d-83e5-aefd961bf9dd			2003-01-01/2003-12-31		1	365	2003	1	1			https://www.slu.se/centrumbildningar-och-projekt/nils/publikationer/faltinstruktioner/									Europe				Sweden	SE	Småland	Kalmar	Högsby													57.15662	15.60796	EPSG:4326	2000				6334984.492	536776.9372		EPSG:3006																										
3040fde2-413d-4ede-95ac-7d763445a201											Department of Forest Resource Management, SLU	NILS					3040fde2-413d-4ede-95ac-7d763445a201			2003-01-01/2003-12-31		1	365	2003	1	1			https://www.slu.se/centrumbildningar-och-projekt/nils/publikationer/faltinstruktioner/									Europe				Sweden	SE	Halland	Halland	Varberg													57.10848	12.31320	EPSG:4326	2000				6332665.665	337282.4261		EPSG:3006																										
556aef2a-7fa1-42f7-af74-07c79628d0c6											Department of Forest Resource Management, SLU	NILS					556aef2a-7fa1-42f7-af74-07c79628d0c6			2003-01-01/2003-12-31		1	365	2003	1	1			https://www.slu.se/centrumbildningar-och-projekt/nils/publikationer/faltinstruktioner/									Europe				Sweden	SE	Småland	Kalmar	Hultsfred													57.37622	15.60951	EPSG:4326	2000				6359430.855	536651.5246		EPSG:3006																										
5e8539be-5428-49c3-a0a5-d44cc23e6e11											Department of Forest Resource Management, SLU	NILS					5e8539be-5428-49c3-a0a5-d44cc23e6e11			2003-01-01/2003-12-31		1	365	2003	1	1			https://www.slu.se/centrumbildningar-och-projekt/nils/publikationer/faltinstruktioner/									Europe				Sweden	SE	Småland	Kronoberg	Alvesta													56.92690	14.38604	EPSG:4326	2000				6309416.386	462630.1437		EPSG:3006																										
e2ba2e4c-5f54-43f9-ac73-2877e9a9fd3f											Department of Forest Resource Management, SLU	NILS					e2ba2e4c-5f54-43f9-ac73-2877e9a9fd3f			2003-01-01/2003-12-31		1	365	2003	1	1			https://www.slu.se/centrumbildningar-och-projekt/nils/publikationer/faltinstruktioner/									Europe				Sweden	SE	Halland	Halland	Varberg													57.11330	12.32514	EPSG:4326	2000				6333174.18	338025.9907		EPSG:3006																										
238b6d5d-2383-4722-924c-aa1f397308a1											Department of Forest Resource Management, SLU	NILS					238b6d5d-2383-4722-924c-aa1f397308a1			2003-01-01/2003-12-31		1	365	2003	1	1			https://www.slu.se/centrumbildningar-och-projekt/nils/publikationer/faltinstruktioner/									Europe				Sweden	SE	Småland	Kronoberg	Alvesta													56.92021	14.39039	EPSG:4326	2000				6308669.746	462888.847		EPSG:3006																										
26c2330f-6c44-40ff-8b01-b177a7c31d3e											Department of Forest Resource Management, SLU	NILS					26c2330f-6c44-40ff-8b01-b177a7c31d3e			2003-01-01/2003-12-31		1	365	2003	1	1			https://www.slu.se/centrumbildningar-och-projekt/nils/publikationer/faltinstruktioner/									Europe				Sweden	SE	Småland	Kalmar	Oskarshamn													57.15530	16.44103	EPSG:4326	2000				6335593.891	587170.5642		EPSG:3006																										
3c11a9b1-3a77-4d84-a0c1-84cc69289f57											Department of Forest Resource Management, SLU	NILS					3c11a9b1-3a77-4d84-a0c1-84cc69289f57			2003-01-01/2003-12-31		1	365	2003	1	1			https://www.slu.se/centrumbildningar-och-projekt/nils/publikationer/faltinstruktioner/									Europe				Sweden	SE	Småland	Kalmar	Högsby													57.15663	15.61209	EPSG:4326	2000				6334987.446	537026.8218		EPSG:3006																										
3861c3b5-6ccf-4a08-9b55-a97fca52924a											Department of Forest Resource Management, SLU	NILS					3861c3b5-6ccf-4a08-9b55-a97fca52924a			2003-01-01/2003-12-31		1	365	2003	1	1			https://www.slu.se/centrumbildningar-och-projekt/nils/publikationer/faltinstruktioner/									Europe				Sweden	SE	Småland	Jönköping	Gislaved													57.13745	13.56210	EPSG:4326	2000				6333604.092	412976.9328		EPSG:3006																										
48a6230d-e5ec-469c-8563-cd655411a023											Department of Forest Resource Management, SLU	NILS					48a6230d-e5ec-469c-8563-cd655411a023			2003-01-01/2003-12-31		1	365	2003	1	1			https://www.slu.se/centrumbildningar-och-projekt/nils/publikationer/faltinstruktioner/									Europe				Sweden	SE	Småland	Kalmar	Högsby													57.16111	15.60794	EPSG:4326	2000				6335484.261	536771.0278		EPSG:3006																										
0a173833-cb09-4c43-81fd-91cd5784d135											Department of Forest Resource Management, SLU	NILS					0a173833-cb09-4c43-81fd-91cd5784d135			2003-01-01/2003-12-31		1	365	2003	1	1			https://www.slu.se/centrumbildningar-och-projekt/nils/publikationer/faltinstruktioner/									Europe				Sweden	SE	Småland	Kalmar	Högsby													57.16337	15.61619	EPSG:4326	2000				6335740.055	537267.8422		EPSG:3006																										
ec2f70f8-5727-443b-872f-bd694be29267											Department of Forest Resource Management, SLU	NILS					ec2f70f8-5727-443b-872f-bd694be29267			2003-01-01/2003-12-31		1	365	2003	1	1			https://www.slu.se/centrumbildningar-och-projekt/nils/publikationer/faltinstruktioner/									Europe				Sweden	SE	Småland	Jönköping	Gislaved													57.13289	13.55825	EPSG:4326	2000				6333101.443	412732.9945		EPSG:3006																										
79ea7238-1a62-4ca4-90ef-514170a88ec9											Department of Forest Resource Management, SLU	NILS					79ea7238-1a62-4ca4-90ef-514170a88ec9			2003-01-01/2003-12-31		1	365	2003	1	1			https://www.slu.se/centrumbildningar-och-projekt/nils/publikationer/faltinstruktioner/									Europe				Sweden	SE	Småland	Kalmar	Hultsfred													57.38296	15.60947	EPSG:4326	2000				6360180.508	536642.638		EPSG:3006																										
11414b3e-56b1-4004-bdb5-0cf0fc47369a											Department of Forest Resource Management, SLU	NILS					11414b3e-56b1-4004-bdb5-0cf0fc47369a			2003-01-01/2003-12-31		1	365	2003	1	1			https://www.slu.se/centrumbildningar-och-projekt/nils/publikationer/faltinstruktioner/									Europe				Sweden	SE	Öland	Kalmar	Borgholm													56.92923	16.84201	EPSG:4326	2000				6311018.418	612102.5409		EPSG:3006																										
dd881eec-2ac6-4024-b2de-1c00bc4dcb0c											Department of Forest Resource Management, SLU	NILS					dd881eec-2ac6-4024-b2de-1c00bc4dcb0c			2003-01-01/2003-12-31		1	365	2003	1	1			https://www.slu.se/centrumbildningar-och-projekt/nils/publikationer/faltinstruktioner/									Europe				Sweden	SE	Öland	Kalmar	Borgholm													56.92250	16.84182	EPSG:4326	2000				6310268.697	612111.3847		EPSG:3006																										
d1b24828-0a84-43fb-acff-238bd8b94852											Department of Forest Resource Management, SLU	NILS					d1b24828-0a84-43fb-acff-238bd8b94852			2003-01-01/2003-12-31		1	365	2003	1	1			https://www.slu.se/centrumbildningar-och-projekt/nils/publikationer/faltinstruktioner/									Europe				Sweden	SE	Småland	Jönköping	Gislaved													57.13955	13.55372	EPSG:4326	2000				6333848.03	412474.2835		EPSG:3006																										
efdc137c-1579-42c3-9138-69afec45d721											Department of Forest Resource Management, SLU	NILS					efdc137c-1579-42c3-9138-69afec45d721			2003-01-01/2003-12-31		1	365	2003	1	1			https://www.slu.se/centrumbildningar-och-projekt/nils/publikationer/faltinstruktioner/									Europe				Sweden	SE	Småland	Jönköping	Gislaved													57.36742	13.52746	EPSG:4326	2000				6359244.633	411433.604		EPSG:3006																										
